product_id,slug,name,category,subcategory,short_desc,cover_image_url,price_usd,compare_at_price,discount_percent,savings_usd,price_label,compare_at_label,savings_label,intent,tags,compatibility,sample_available,sample_link,execution_mode,market_type,risk_level,risk_badge,disclosure_required,disclosure_text_short,disclosure_version,disclosure_ack_text,disclosure_ack_required,lead_magnet,email_capture_required,status,product_page_url,checkout_url,success_page_url,download_page_url,stripe_lookup_key,checkout_api_endpoint,download_api_endpoint,disclosure_api_endpoint,cta_label,cta_secondary_label
AA-PRM-GEN-IDEATION-BASE-001,prompt-ideation-base,Ideation Prompt Pack,prompt,prompt_pack,Fast ideation prompts for agent tasks,https://placehold.co/1200x800/1F4D3A/F0FFF7.png?text=Ideation%20Prompt%20Pack,19,29,34,10,Now $19,Was $29,Save $10 (34% off),TOFU,generalist | ideation | prompt,openai | anthropic | cursor,Y,https://agentassets.io/sample/prompt-ideation-base,none,none,low,General,N,,,,N,Y,Y,draft,https://app.agentassets.io/products/prompt-ideation-base,https://buy.stripe.com/dRm4gz9z524o8lbepwaMU00,https://app.agentassets.io/success?product_id=AA-PRM-GEN-IDEATION-BASE-001,https://app.agentassets.io/success?product_id=AA-PRM-GEN-IDEATION-BASE-001#downloads,AA-PRM-GEN-IDEATION-BASE-001,https://api.agentassets.io/checkout/session,https://api.agentassets.io/downloads/signed-url,https://api.agentassets.io/disclosures/acknowledge,Buy Now,Preview Sample
AA-PRM-GEN-SYSTEMCHAIN-PRO-002,prompt-system-chain,System Chain Prompt Suite,prompt,prompt_suite,Multi-role chain prompts for workflows,https://placehold.co/1200x800/1F4D3A/F0FFF7.png?text=System%20Chain%20Prompt%20Suite,29,39,26,10,Now $29,Was $39,Save $10 (26% off),MOFU,generalist | chain | system prompts,openai | anthropic | langchain,N,,none,none,low,General,N,,,,N,N,N,draft,https://app.agentassets.io/products/prompt-system-chain,https://buy.stripe.com/8x2dR9h1x38sgRHa9gaMU01,https://app.agentassets.io/success?product_id=AA-PRM-GEN-SYSTEMCHAIN-PRO-002,https://app.agentassets.io/success?product_id=AA-PRM-GEN-SYSTEMCHAIN-PRO-002#downloads,AA-PRM-GEN-SYSTEMCHAIN-PRO-002,https://api.agentassets.io/checkout/session,https://api.agentassets.io/downloads/signed-url,https://api.agentassets.io/disclosures/acknowledge,Buy Now,View Details
AA-PRM-MKT-CAMPAIGN-SUITE-003,prompt-marketing-campaign-suite,Marketing Campaign Prompt Suite,prompt,prompt_suite,Campaign planning prompts for teams,https://placehold.co/1200x800/1F4D3A/F0FFF7.png?text=Marketing%20Campaign%20Prompt%20Suite,29,49,41,20,Now $29,Was $49,Save $20 (41% off),MOFU,marketing | campaign | prompts,openai | anthropic | cursor,Y,https://agentassets.io/sample/prompt-marketing-campaign-suite,none,none,low,General,N,,,,N,Y,Y,draft,https://app.agentassets.io/products/prompt-marketing-campaign-suite,https://buy.stripe.com/28E28rfXt24odFv818aMU02,https://app.agentassets.io/success?product_id=AA-PRM-MKT-CAMPAIGN-SUITE-003,https://app.agentassets.io/success?product_id=AA-PRM-MKT-CAMPAIGN-SUITE-003#downloads,AA-PRM-MKT-CAMPAIGN-SUITE-003,https://api.agentassets.io/checkout/session,https://api.agentassets.io/downloads/signed-url,https://api.agentassets.io/disclosures/acknowledge,Buy Now,Preview Sample
AA-PRM-MKT-COPYTEST-PACK-004,prompt-copy-test-pack,Copy Testing Prompt Pack,prompt,prompt_pack,Prompt pack for message and offer testing,https://placehold.co/1200x800/1F4D3A/F0FFF7.png?text=Copy%20Testing%20Prompt%20Pack,19,29,34,10,Now $19,Was $29,Save $10 (34% off),TOFU,marketing | copy testing | prompts,openai | anthropic,Y,https://agentassets.io/sample/prompt-copy-test-pack,none,none,low,General,N,,,,N,Y,Y,draft,https://app.agentassets.io/products/prompt-copy-test-pack,https://buy.stripe.com/bJe4gz12z6kE6d34OWaMU03,https://app.agentassets.io/success?product_id=AA-PRM-MKT-COPYTEST-PACK-004,https://app.agentassets.io/success?product_id=AA-PRM-MKT-COPYTEST-PACK-004#downloads,AA-PRM-MKT-COPYTEST-PACK-004,https://api.agentassets.io/checkout/session,https://api.agentassets.io/downloads/signed-url,https://api.agentassets.io/disclosures/acknowledge,Buy Now,Preview Sample
AA-PRM-MKT-SEOCLUSTER-SUITE-005,prompt-seo-cluster-suite,SEO Cluster Prompt Suite,prompt,prompt_suite,SEO planning prompts with cluster maps,https://placehold.co/1200x800/1F4D3A/F0FFF7.png?text=SEO%20Cluster%20Prompt%20Suite,29,49,41,20,Now $29,Was $49,Save $20 (41% off),MOFU,marketing | seo | prompts,openai | anthropic | langchain,N,,none,none,low,General,N,,,,N,N,N,draft,https://app.agentassets.io/products/prompt-seo-cluster-suite,https://buy.stripe.com/8x24gzdPlcJ2atj4OWaMU04,https://app.agentassets.io/success?product_id=AA-PRM-MKT-SEOCLUSTER-SUITE-005,https://app.agentassets.io/success?product_id=AA-PRM-MKT-SEOCLUSTER-SUITE-005#downloads,AA-PRM-MKT-SEOCLUSTER-SUITE-005,https://api.agentassets.io/checkout/session,https://api.agentassets.io/downloads/signed-url,https://api.agentassets.io/disclosures/acknowledge,Buy Now,View Details
AA-PRM-SUP-TICKETTRIAGE-PACK-006,prompt-ticket-triage-pack,Ticket Triage Prompt Pack,prompt,prompt_pack,Support ticket routing prompts,https://placehold.co/1200x800/1F4D3A/F0FFF7.png?text=Ticket%20Triage%20Prompt%20Pack,19,29,34,10,Now $19,Was $29,Save $10 (34% off),MOFU,support ops | ticket triage | prompts,openai | anthropic | cursor,Y,https://agentassets.io/sample/prompt-ticket-triage-pack,none,none,low,General,N,,,,N,Y,Y,draft,https://app.agentassets.io/products/prompt-ticket-triage-pack,https://buy.stripe.com/aFa5kD6mT9wQeJzdlsaMU05,https://app.agentassets.io/success?product_id=AA-PRM-SUP-TICKETTRIAGE-PACK-006,https://app.agentassets.io/success?product_id=AA-PRM-SUP-TICKETTRIAGE-PACK-006#downloads,AA-PRM-SUP-TICKETTRIAGE-PACK-006,https://api.agentassets.io/checkout/session,https://api.agentassets.io/downloads/signed-url,https://api.agentassets.io/disclosures/acknowledge,Buy Now,Preview Sample
AA-PRM-SUP-KBWRITE-PACK-007,prompt-kb-write-pack,Knowledge Base Writing Prompts,prompt,prompt_pack,Prompts for support article drafting,https://placehold.co/1200x800/1F4D3A/F0FFF7.png?text=Knowledge%20Base%20Writing%20Prompts,19,29,34,10,Now $19,Was $29,Save $10 (34% off),TOFU,support ops | knowledge base | prompts,openai | anthropic,Y,https://agentassets.io/sample/prompt-kb-write-pack,none,none,low,General,N,,,,N,Y,Y,draft,https://app.agentassets.io/products/prompt-kb-write-pack,https://buy.stripe.com/cNi3cveTpeRabxnbdkaMU06,https://app.agentassets.io/success?product_id=AA-PRM-SUP-KBWRITE-PACK-007,https://app.agentassets.io/success?product_id=AA-PRM-SUP-KBWRITE-PACK-007#downloads,AA-PRM-SUP-KBWRITE-PACK-007,https://api.agentassets.io/checkout/session,https://api.agentassets.io/downloads/signed-url,https://api.agentassets.io/disclosures/acknowledge,Buy Now,Preview Sample
AA-PRM-GEN-AGENTHANDOFF-CHAIN-008,prompt-agent-handoff-chain,Agent Handoff Prompt Chain,prompt,prompt_chain,Prompt chain for multi-agent handoffs,https://placehold.co/1200x800/1F4D3A/F0FFF7.png?text=Agent%20Handoff%20Prompt%20Chain,29,39,26,10,Now $29,Was $39,Save $10 (26% off),MOFU,generalist | handoff | prompt chain,openai | anthropic | langchain,N,,none,none,med,General,N,,,,N,N,N,draft,https://app.agentassets.io/products/prompt-agent-handoff-chain,https://buy.stripe.com/7sYaEXbHd6kE0SJ1CKaMU07,https://app.agentassets.io/success?product_id=AA-PRM-GEN-AGENTHANDOFF-CHAIN-008,https://app.agentassets.io/success?product_id=AA-PRM-GEN-AGENTHANDOFF-CHAIN-008#downloads,AA-PRM-GEN-AGENTHANDOFF-CHAIN-008,https://api.agentassets.io/checkout/session,https://api.agentassets.io/downloads/signed-url,https://api.agentassets.io/disclosures/acknowledge,Buy Now,View Details
AA-PRM-TRD-MARKETTHESIS-PRO-009,prompt-trading-market-thesis,Market Thesis Prompt Pack,prompt,prompt_pack,Prompts for market hypothesis building,https://placehold.co/1200x800/16324F/EAF5FF.png?text=Market%20Thesis%20Prompt%20Pack%20RESEARCH,29,49,41,20,Now $29,Was $49,Save $20 (41% off),TOFU,trading | prediction market | research prompts,openai | anthropic | cursor,Y,https://agentassets.io/sample/prompt-trading-market-thesis,research,prediction,med,RESEARCH / MED RISK,N,,,,N,Y,Y,draft,https://app.agentassets.io/products/prompt-trading-market-thesis,https://buy.stripe.com/14AaEXaD95gA7h73KSaMU08,https://app.agentassets.io/success?product_id=AA-PRM-TRD-MARKETTHESIS-PRO-009,https://app.agentassets.io/success?product_id=AA-PRM-TRD-MARKETTHESIS-PRO-009#downloads,AA-PRM-TRD-MARKETTHESIS-PRO-009,https://api.agentassets.io/checkout/session,https://api.agentassets.io/downloads/signed-url,https://api.agentassets.io/disclosures/acknowledge,Buy Now,Preview Sample
AA-PRM-TRD-EVENTSIGNAL-PRO-010,prompt-trading-event-signal,Event Driven Signal Prompt Suite,prompt,prompt_suite,Prompts for event based signal extraction,https://placehold.co/1200x800/16324F/EAF5FF.png?text=Event%20Driven%20Signal%20Prompt%20Suite%20RESEARCH,39,59,34,20,Now $39,Was $59,Save $20 (34% off),MOFU,trading | signal | event driven prompts,openai | anthropic | langchain,N,,research,hybrid,med,RESEARCH / MED RISK,N,,,,N,N,N,draft,https://app.agentassets.io/products/prompt-trading-event-signal,https://buy.stripe.com/5kQ8wP9z59wQbxn3KSaMU09,https://app.agentassets.io/success?product_id=AA-PRM-TRD-EVENTSIGNAL-PRO-010,https://app.agentassets.io/success?product_id=AA-PRM-TRD-EVENTSIGNAL-PRO-010#downloads,AA-PRM-TRD-EVENTSIGNAL-PRO-010,https://api.agentassets.io/checkout/session,https://api.agentassets.io/downloads/signed-url,https://api.agentassets.io/disclosures/acknowledge,Buy Now,View Details
AA-PRM-TRD-TRADEPLAN-PRO-011,prompt-trading-trade-plan,Trade Plan Prompt Chain,prompt,prompt_chain,Prompt chain for trade plan and execution notes,https://placehold.co/1200x800/16324F/EAF5FF.png?text=Trade%20Plan%20Prompt%20Chain%20RESEARCH,39,59,34,20,Now $39,Was $59,Save $20 (34% off),BOFU,trading | trade plan | prompt chain,openai | anthropic | cursor,N,,research,crypto_perps,med,RESEARCH / MED RISK,N,,,,N,N,N,draft,https://app.agentassets.io/products/prompt-trading-trade-plan,https://buy.stripe.com/fZucN56mT10k58Z818aMU0a,https://app.agentassets.io/success?product_id=AA-PRM-TRD-TRADEPLAN-PRO-011,https://app.agentassets.io/success?product_id=AA-PRM-TRD-TRADEPLAN-PRO-011#downloads,AA-PRM-TRD-TRADEPLAN-PRO-011,https://api.agentassets.io/checkout/session,https://api.agentassets.io/downloads/signed-url,https://api.agentassets.io/disclosures/acknowledge,Buy Now,View Details
AA-PRM-TRD-RISKJOURNAL-PRO-012,prompt-trading-risk-journal,Risk Journal Prompt Pack,prompt,prompt_pack,Prompts for risk review and journaling,https://placehold.co/1200x800/16324F/EAF5FF.png?text=Risk%20Journal%20Prompt%20Pack%20RESEARCH,29,49,41,20,Now $29,Was $49,Save $20 (41% off),TOFU,trading | risk journaling | prompts,openai | anthropic,Y,https://agentassets.io/sample/prompt-trading-risk-journal,research,hybrid,med,RESEARCH / MED RISK,N,,,,N,Y,Y,draft,https://app.agentassets.io/products/prompt-trading-risk-journal,https://buy.stripe.com/7sY3cveTpdN6bxnchoaMU0b,https://app.agentassets.io/success?product_id=AA-PRM-TRD-RISKJOURNAL-PRO-012,https://app.agentassets.io/success?product_id=AA-PRM-TRD-RISKJOURNAL-PRO-012#downloads,AA-PRM-TRD-RISKJOURNAL-PRO-012,https://api.agentassets.io/checkout/session,https://api.agentassets.io/downloads/signed-url,https://api.agentassets.io/disclosures/acknowledge,Buy Now,Preview Sample
AA-SKL-GEN-TOOLROUTER-CORE-013,skill-tool-router,Tool Router Skill Module,skill,tool_call_spec,Tool call routing skill for agent workflows,https://placehold.co/1200x800/3D2E6E/F5F1FF.png?text=Tool%20Router%20Skill%20Module,89,129,31,40,Now $89,Was $129,Save $40 (31% off),BOFU,generalist | tool routing | skill,openai | anthropic | cursor | langchain,N,,none,none,low,General,N,,,,N,N,N,draft,https://app.agentassets.io/products/skill-tool-router,https://buy.stripe.com/00w14n6mTgZi7h7ftAaMU0c,https://app.agentassets.io/success?product_id=AA-SKL-GEN-TOOLROUTER-CORE-013,https://app.agentassets.io/success?product_id=AA-SKL-GEN-TOOLROUTER-CORE-013#downloads,AA-SKL-GEN-TOOLROUTER-CORE-013,https://api.agentassets.io/checkout/session,https://api.agentassets.io/downloads/signed-url,https://api.agentassets.io/disclosures/acknowledge,Buy Now,View Details
AA-SKL-GEN-IOVALIDATE-CORE-014,skill-io-validate,IO Validation Skill Module,skill,io_schema,Schema driven input and output validation,https://placehold.co/1200x800/3D2E6E/F5F1FF.png?text=IO%20Validation%20Skill%20Module,99,149,34,50,Now $99,Was $149,Save $50 (34% off),BOFU,generalist | validation | skill,openai | anthropic | cursor | langchain,N,,none,none,low,General,N,,,,N,N,N,draft,https://app.agentassets.io/products/skill-io-validate,https://buy.stripe.com/eVq3cv5iP5gA30RftAaMU0d,https://app.agentassets.io/success?product_id=AA-SKL-GEN-IOVALIDATE-CORE-014,https://app.agentassets.io/success?product_id=AA-SKL-GEN-IOVALIDATE-CORE-014#downloads,AA-SKL-GEN-IOVALIDATE-CORE-014,https://api.agentassets.io/checkout/session,https://api.agentassets.io/downloads/signed-url,https://api.agentassets.io/disclosures/acknowledge,Buy Now,View Details
AA-SKL-GEN-ERRORRETRY-CORE-015,skill-error-retry,Error Retry Skill Module,skill,error_handling,Retry timeout and fallback patterns,https://placehold.co/1200x800/3D2E6E/F5F1FF.png?text=Error%20Retry%20Skill%20Module,89,139,36,50,Now $89,Was $139,Save $50 (36% off),BOFU,generalist | error handling | retry,openai | anthropic | langchain,N,,none,none,med,General,N,,,,N,N,N,draft,https://app.agentassets.io/products/skill-error-retry,https://buy.stripe.com/dRm14n26DdN6gRHchoaMU0e,https://app.agentassets.io/success?product_id=AA-SKL-GEN-ERRORRETRY-CORE-015,https://app.agentassets.io/success?product_id=AA-SKL-GEN-ERRORRETRY-CORE-015#downloads,AA-SKL-GEN-ERRORRETRY-CORE-015,https://api.agentassets.io/checkout/session,https://api.agentassets.io/downloads/signed-url,https://api.agentassets.io/disclosures/acknowledge,Buy Now,View Details
AA-SKL-MKT-CONTENTPIPE-PRO-016,skill-marketing-content-pipeline,Content Pipeline Skill,skill,workflow_skill,Marketing content workflow skill with scoring,https://placehold.co/1200x800/3D2E6E/F5F1FF.png?text=Content%20Pipeline%20Skill,129,189,32,60,Now $129,Was $189,Save $60 (32% off),BOFU,marketing | content pipeline | skill,openai | anthropic | cursor | langchain,N,,none,none,med,General,N,,,,N,N,N,draft,https://app.agentassets.io/products/skill-marketing-content-pipeline,https://buy.stripe.com/14A5kD12zcJ26d3818aMU0f,https://app.agentassets.io/success?product_id=AA-SKL-MKT-CONTENTPIPE-PRO-016,https://app.agentassets.io/success?product_id=AA-SKL-MKT-CONTENTPIPE-PRO-016#downloads,AA-SKL-MKT-CONTENTPIPE-PRO-016,https://api.agentassets.io/checkout/session,https://api.agentassets.io/downloads/signed-url,https://api.agentassets.io/disclosures/acknowledge,Buy Now,View Details
AA-SKL-MKT-BRIEFSCORING-PRO-017,skill-marketing-brief-scoring,Brief Scoring Skill,skill,io_schema,Quality scoring skill for marketing briefs,https://placehold.co/1200x800/3D2E6E/F5F1FF.png?text=Brief%20Scoring%20Skill,79,119,34,40,Now $79,Was $119,Save $40 (34% off),MOFU,marketing | brief scoring | skill,openai | anthropic | cursor,Y,https://agentassets.io/sample/skill-marketing-brief-scoring,none,none,low,General,N,,,,N,Y,Y,draft,https://app.agentassets.io/products/skill-marketing-brief-scoring,https://buy.stripe.com/8x2dR9bHd5gA30RftAaMU0g,https://app.agentassets.io/success?product_id=AA-SKL-MKT-BRIEFSCORING-PRO-017,https://app.agentassets.io/success?product_id=AA-SKL-MKT-BRIEFSCORING-PRO-017#downloads,AA-SKL-MKT-BRIEFSCORING-PRO-017,https://api.agentassets.io/checkout/session,https://api.agentassets.io/downloads/signed-url,https://api.agentassets.io/disclosures/acknowledge,Buy Now,Preview Sample
AA-SKL-SUP-SLAAUTOMATION-PRO-018,skill-support-sla-automation,SLA Automation Skill,skill,workflow_skill,Support SLA timer and breach handling skill,https://placehold.co/1200x800/3D2E6E/F5F1FF.png?text=SLA%20Automation%20Skill,109,159,31,50,Now $109,Was $159,Save $50 (31% off),BOFU,support ops | sla | skill,openai | anthropic | cursor | langchain,N,,none,none,med,General,N,,,,N,N,N,draft,https://app.agentassets.io/products/skill-support-sla-automation,https://buy.stripe.com/eVq8wP5iP9wQ44VbdkaMU0h,https://app.agentassets.io/success?product_id=AA-SKL-SUP-SLAAUTOMATION-PRO-018,https://app.agentassets.io/success?product_id=AA-SKL-SUP-SLAAUTOMATION-PRO-018#downloads,AA-SKL-SUP-SLAAUTOMATION-PRO-018,https://api.agentassets.io/checkout/session,https://api.agentassets.io/downloads/signed-url,https://api.agentassets.io/disclosures/acknowledge,Buy Now,View Details
AA-SKL-SUP-ESCALATIONFLOW-PRO-019,skill-support-escalation-flow,Escalation Flow Skill,skill,error_handling,Escalation logic with guardrails,https://placehold.co/1200x800/3D2E6E/F5F1FF.png?text=Escalation%20Flow%20Skill,99,149,34,50,Now $99,Was $149,Save $50 (34% off),BOFU,support ops | escalation | skill,openai | anthropic | cursor,N,,none,none,med,General,N,,,,N,N,N,draft,https://app.agentassets.io/products/skill-support-escalation-flow,https://buy.stripe.com/8x23cvaD9cJ2bxna9gaMU0i,https://app.agentassets.io/success?product_id=AA-SKL-SUP-ESCALATIONFLOW-PRO-019,https://app.agentassets.io/success?product_id=AA-SKL-SUP-ESCALATIONFLOW-PRO-019#downloads,AA-SKL-SUP-ESCALATIONFLOW-PRO-019,https://api.agentassets.io/checkout/session,https://api.agentassets.io/downloads/signed-url,https://api.agentassets.io/disclosures/acknowledge,Buy Now,View Details
AA-SKL-TRD-DATANORMALIZE-PRO-020,skill-trading-data-normalize,Trading Data Normalize Skill,skill,io_schema,Normalize market and event data feeds,https://placehold.co/1200x800/16324F/EAF5FF.png?text=Trading%20Data%20Normalize%20Skill%20RESEARCH,149,219,32,70,Now $149,Was $219,Save $70 (32% off),BOFU,trading | data normalization | skill,openai | anthropic | langchain,N,,research,hybrid,med,RESEARCH / MED RISK,N,,,,N,N,N,draft,https://app.agentassets.io/products/skill-trading-data-normalize,https://buy.stripe.com/28E4gzh1xcJ258Z1CKaMU0j,https://app.agentassets.io/success?product_id=AA-SKL-TRD-DATANORMALIZE-PRO-020,https://app.agentassets.io/success?product_id=AA-SKL-TRD-DATANORMALIZE-PRO-020#downloads,AA-SKL-TRD-DATANORMALIZE-PRO-020,https://api.agentassets.io/checkout/session,https://api.agentassets.io/downloads/signed-url,https://api.agentassets.io/disclosures/acknowledge,Buy Now,View Details
AA-SKL-TRD-STRATEGYIO-PRO-021,skill-trading-strategy-io,Strategy IO Skill,skill,io_schema,Structured strategy input and output schemas,https://placehold.co/1200x800/16324F/EAF5FF.png?text=Strategy%20IO%20Skill%20RESEARCH,169,249,32,80,Now $169,Was $249,Save $80 (32% off),BOFU,trading | strategy io | skill,openai | anthropic | langchain,N,,research,crypto_perps,med,RESEARCH / MED RISK,N,,,,N,N,N,draft,https://app.agentassets.io/products/skill-trading-strategy-io,https://buy.stripe.com/8x27sLaD94cw30Ra9gaMU0k,https://app.agentassets.io/success?product_id=AA-SKL-TRD-STRATEGYIO-PRO-021,https://app.agentassets.io/success?product_id=AA-SKL-TRD-STRATEGYIO-PRO-021#downloads,AA-SKL-TRD-STRATEGYIO-PRO-021,https://api.agentassets.io/checkout/session,https://api.agentassets.io/downloads/signed-url,https://api.agentassets.io/disclosures/acknowledge,Buy Now,View Details
AA-SKL-TRD-RISKCHECK-PRO-022,skill-trading-risk-check,Risk Check Skill,skill,error_handling,Risk controls for signal and order validation,https://placehold.co/1200x800/16324F/EAF5FF.png?text=Risk%20Check%20Skill%20RESEARCH,189,279,32,90,Now $189,Was $279,Save $90 (32% off),BOFU,trading | risk controls | skill,openai | anthropic | langchain,N,,research,hybrid,high,RESEARCH / HIGH RISK,Y,Research outputs are informational and require independent judgment.,DISC-1.0.0-RESEARCH,"I acknowledge the disclosure and understand this is tooling/education, not investment advice.",Y,N,N,draft,https://app.agentassets.io/products/skill-trading-risk-check,https://buy.stripe.com/bJeaEX7qXdN67h7a9gaMU0l,https://app.agentassets.io/success?product_id=AA-SKL-TRD-RISKCHECK-PRO-022,https://app.agentassets.io/success?product_id=AA-SKL-TRD-RISKCHECK-PRO-022#downloads,AA-SKL-TRD-RISKCHECK-PRO-022,https://api.agentassets.io/checkout/session,https://api.agentassets.io/downloads/signed-url,https://api.agentassets.io/disclosures/acknowledge,Buy Now,View Details
AA-SKL-TRD-EXECADAPTER-PRO-023,skill-trading-execution-adapter,Execution Adapter Skill,skill,tool_call_spec,Connector skill for paper and live execution,https://placehold.co/1200x800/16324F/EAF5FF.png?text=Execution%20Adapter%20Skill%20LIVE,199,299,33,100,Now $199,Was $299,Save $100 (33% off),BOFU,trading | execution adapter | skill,openai | anthropic | langchain,N,,live,hybrid,high,LIVE / HIGH RISK,Y,"This product supports live execution workflows. It is for tooling and education only, not investment advice. User is responsible for all execution decisions.",DISC-1.0.0,"I acknowledge the disclosure and understand this is tooling/education, not investment advice.",Y,N,N,draft,https://app.agentassets.io/products/skill-trading-execution-adapter,https://buy.stripe.com/28EaEX9z5eRafNDdlsaMU0m,https://app.agentassets.io/success?product_id=AA-SKL-TRD-EXECADAPTER-PRO-023,https://app.agentassets.io/success?product_id=AA-SKL-TRD-EXECADAPTER-PRO-023#downloads,AA-SKL-TRD-EXECADAPTER-PRO-023,https://api.agentassets.io/checkout/session,https://api.agentassets.io/downloads/signed-url,https://api.agentassets.io/disclosures/acknowledge,Buy Now,View Details
AA-AGT-MKT-CONTENTOPS-PRO-024,agent-marketing-content-ops,Content Ops Agent,agent,workflow_agent,Packaged marketing operations agent,https://placehold.co/1200x800/7A2E1F/FFF6F2.png?text=Content%20Ops%20Agent,499,699,29,200,Now $499,Was $699,Save $200 (29% off),BOFU,marketing | agent | content ops,openai | anthropic | langchain,N,,none,none,med,General,N,,,,N,N,N,draft,https://app.agentassets.io/products/agent-marketing-content-ops,https://buy.stripe.com/eVq28raD9dN6dFv5T0aMU0n,https://app.agentassets.io/success?product_id=AA-AGT-MKT-CONTENTOPS-PRO-024,https://app.agentassets.io/success?product_id=AA-AGT-MKT-CONTENTOPS-PRO-024#downloads,AA-AGT-MKT-CONTENTOPS-PRO-024,https://api.agentassets.io/checkout/session,https://api.agentassets.io/downloads/signed-url,https://api.agentassets.io/disclosures/acknowledge,Buy Now,View Details
AA-AGT-MKT-SEOAUTOPLAN-PRO-025,agent-marketing-seo-autoplan,SEO Autoplan Agent,agent,task_agent,Agent for SEO planning and cluster execution,https://placehold.co/1200x800/7A2E1F/FFF6F2.png?text=SEO%20Autoplan%20Agent,399,599,33,200,Now $399,Was $599,Save $200 (33% off),BOFU,marketing | seo agent | planning,openai | anthropic | langchain,N,,none,none,med,General,N,,,,N,N,N,draft,https://app.agentassets.io/products/agent-marketing-seo-autoplan,https://buy.stripe.com/8x24gz4eL10k1WNa9gaMU0o,https://app.agentassets.io/success?product_id=AA-AGT-MKT-SEOAUTOPLAN-PRO-025,https://app.agentassets.io/success?product_id=AA-AGT-MKT-SEOAUTOPLAN-PRO-025#downloads,AA-AGT-MKT-SEOAUTOPLAN-PRO-025,https://api.agentassets.io/checkout/session,https://api.agentassets.io/downloads/signed-url,https://api.agentassets.io/disclosures/acknowledge,Buy Now,View Details
AA-AGT-SUP-TICKETAUTOPILOT-PRO-026,agent-support-ticket-autopilot,Ticket Autopilot Agent,agent,workflow_agent,Agent for support triage and workflow automation,https://placehold.co/1200x800/7A2E1F/FFF6F2.png?text=Ticket%20Autopilot%20Agent,499,699,29,200,Now $499,Was $699,Save $200 (29% off),BOFU,support ops | ticket agent | automation,openai | anthropic | langchain,N,,none,none,med,General,N,,,,N,N,N,draft,https://app.agentassets.io/products/agent-support-ticket-autopilot,https://buy.stripe.com/cNi5kD9z5bEYbxnepwaMU0p,https://app.agentassets.io/success?product_id=AA-AGT-SUP-TICKETAUTOPILOT-PRO-026,https://app.agentassets.io/success?product_id=AA-AGT-SUP-TICKETAUTOPILOT-PRO-026#downloads,AA-AGT-SUP-TICKETAUTOPILOT-PRO-026,https://api.agentassets.io/checkout/session,https://api.agentassets.io/downloads/signed-url,https://api.agentassets.io/disclosures/acknowledge,Buy Now,View Details
AA-AGT-GEN-WORKFLOWORCH-PRO-027,agent-workflow-orchestrator,Workflow Orchestrator Agent,agent,workflow_agent,General workflow orchestration agent package,https://placehold.co/1200x800/7A2E1F/FFF6F2.png?text=Workflow%20Orchestrator%20Agent,449,649,31,200,Now $449,Was $649,Save $200 (31% off),BOFU,generalist | workflow orchestrator | agent,openai | anthropic | cursor | langchain,N,,none,none,med,General,N,,,,N,N,N,draft,https://app.agentassets.io/products/agent-workflow-orchestrator,https://buy.stripe.com/6oU00j26D38s1WN1CKaMU0q,https://app.agentassets.io/success?product_id=AA-AGT-GEN-WORKFLOWORCH-PRO-027,https://app.agentassets.io/success?product_id=AA-AGT-GEN-WORKFLOWORCH-PRO-027#downloads,AA-AGT-GEN-WORKFLOWORCH-PRO-027,https://api.agentassets.io/checkout/session,https://api.agentassets.io/downloads/signed-url,https://api.agentassets.io/disclosures/acknowledge,Buy Now,View Details
AA-AGT-TRD-SIGNALENGINE-PRO-028,agent-trading-signal-engine,Signal Engine Agent,agent,vertical_agent,Trading signal generation agent package,https://placehold.co/1200x800/16324F/EAF5FF.png?text=Signal%20Engine%20Agent%20RESEARCH,699,999,30,300,Now $699,Was $999,Save $300 (30% off),BOFU,trading | signal engine | agent,openai | anthropic | langchain,N,,research,hybrid,high,RESEARCH / HIGH RISK,Y,Research outputs are informational and require independent judgment.,DISC-1.0.0-RESEARCH,"I acknowledge the disclosure and understand this is tooling/education, not investment advice.",Y,N,N,draft,https://app.agentassets.io/products/agent-trading-signal-engine,https://buy.stripe.com/aFaaEXh1x7oI0SJ3KSaMU0r,https://app.agentassets.io/success?product_id=AA-AGT-TRD-SIGNALENGINE-PRO-028,https://app.agentassets.io/success?product_id=AA-AGT-TRD-SIGNALENGINE-PRO-028#downloads,AA-AGT-TRD-SIGNALENGINE-PRO-028,https://api.agentassets.io/checkout/session,https://api.agentassets.io/downloads/signed-url,https://api.agentassets.io/disclosures/acknowledge,Buy Now,View Details
AA-AGT-TRD-PAPERORCH-PRO-029,agent-trading-paper-orchestrator,Paper Trading Orchestrator Agent,agent,vertical_agent,Agent for paper trade simulation workflows,https://placehold.co/1200x800/16324F/EAF5FF.png?text=Paper%20Trading%20Orchestrator%20Agent%20PAPER,799,1199,33,400,Now $799,"Was $1,199",Save $400 (33% off),BOFU,trading | paper trading | agent,openai | anthropic | langchain,N,,paper,hybrid,high,PAPER / HIGH RISK,Y,Paper-trading outputs are hypothetical and do not guarantee future results.,DISC-1.0.0-PAPER,"I acknowledge the disclosure and understand this is tooling/education, not investment advice.",Y,N,N,draft,https://app.agentassets.io/products/agent-trading-paper-orchestrator,https://buy.stripe.com/8x2aEX7qX38sdFv5T0aMU0s,https://app.agentassets.io/success?product_id=AA-AGT-TRD-PAPERORCH-PRO-029,https://app.agentassets.io/success?product_id=AA-AGT-TRD-PAPERORCH-PRO-029#downloads,AA-AGT-TRD-PAPERORCH-PRO-029,https://api.agentassets.io/checkout/session,https://api.agentassets.io/downloads/signed-url,https://api.agentassets.io/disclosures/acknowledge,Buy Now,View Details
AA-AGT-TRD-LIVECOORD-PRO-030,agent-trading-live-coordinator,Live Execution Coordinator Agent,agent,vertical_agent,Agent coordinating live order execution safely,https://placehold.co/1200x800/16324F/EAF5FF.png?text=Live%20Execution%20Coordinator%20Agent%20LIVE,999,1399,29,400,Now $999,"Was $1,399",Save $400 (29% off),BOFU,trading | live execution | agent,openai | anthropic | langchain,N,,live,hybrid,high,LIVE / HIGH RISK,Y,"This product supports live execution workflows. It is for tooling and education only, not investment advice. User is responsible for all execution decisions.",DISC-1.0.0,"I acknowledge the disclosure and understand this is tooling/education, not investment advice.",Y,N,N,draft,https://app.agentassets.io/products/agent-trading-live-coordinator,https://buy.stripe.com/00w6oH8v18sM30RchoaMU0t,https://app.agentassets.io/success?product_id=AA-AGT-TRD-LIVECOORD-PRO-030,https://app.agentassets.io/success?product_id=AA-AGT-TRD-LIVECOORD-PRO-030#downloads,AA-AGT-TRD-LIVECOORD-PRO-030,https://api.agentassets.io/checkout/session,https://api.agentassets.io/downloads/signed-url,https://api.agentassets.io/disclosures/acknowledge,Buy Now,View Details
AA-AGT-TRD-POSTTRADEANALYTICS-PRO-031,agent-trading-posttrade-analytics,Post Trade Analytics Agent,agent,vertical_agent,Agent for post-trade analysis and journaling,https://placehold.co/1200x800/16324F/EAF5FF.png?text=Post%20Trade%20Analytics%20Agent%20RESEARCH,699,999,30,300,Now $699,Was $999,Save $300 (30% off),BOFU,trading | post trade | agent,openai | anthropic | langchain,N,,research,hybrid,med,RESEARCH / MED RISK,N,,,,N,N,N,draft,https://app.agentassets.io/products/agent-trading-posttrade-analytics,https://buy.stripe.com/4gMbJ14eL8sMdFva9gaMU0u,https://app.agentassets.io/success?product_id=AA-AGT-TRD-POSTTRADEANALYTICS-PRO-031,https://app.agentassets.io/success?product_id=AA-AGT-TRD-POSTTRADEANALYTICS-PRO-031#downloads,AA-AGT-TRD-POSTTRADEANALYTICS-PRO-031,https://api.agentassets.io/checkout/session,https://api.agentassets.io/downloads/signed-url,https://api.agentassets.io/disclosures/acknowledge,Buy Now,View Details
AA-UTL-GEN-JSONSCHEMAPACK-CORE-032,utility-json-schema-pack,JSON Schema Pack,utility,json_schema_pack,Reusable schema pack for agent outputs,https://placehold.co/1200x800/1B3A4B/EFF8FF.png?text=JSON%20Schema%20Pack,79,119,34,40,Now $79,Was $119,Save $40 (34% off),MOFU,generalist | json schema | utility,openai | anthropic | cursor | langchain,Y,https://agentassets.io/sample/utility-json-schema-pack,none,none,low,General,N,,,,N,Y,Y,draft,https://app.agentassets.io/products/utility-json-schema-pack,https://buy.stripe.com/fZu5kD3aH9wQatjftAaMU0v,https://app.agentassets.io/success?product_id=AA-UTL-GEN-JSONSCHEMAPACK-CORE-032,https://app.agentassets.io/success?product_id=AA-UTL-GEN-JSONSCHEMAPACK-CORE-032#downloads,AA-UTL-GEN-JSONSCHEMAPACK-CORE-032,https://api.agentassets.io/checkout/session,https://api.agentassets.io/downloads/signed-url,https://api.agentassets.io/disclosures/acknowledge,Buy Now,Preview Sample
AA-UTL-GEN-GUARDRAILSYAML-CORE-033,utility-guardrails-yaml,Guardrails YAML Kit,utility,guardrails_yaml,Guardrail policies and safety templates,https://placehold.co/1200x800/1B3A4B/EFF8FF.png?text=Guardrails%20YAML%20Kit,89,129,31,40,Now $89,Was $129,Save $40 (31% off),MOFU,generalist | guardrails | utility,openai | anthropic | langchain,Y,https://agentassets.io/sample/utility-guardrails-yaml,none,none,med,General,N,,,,N,Y,Y,draft,https://app.agentassets.io/products/utility-guardrails-yaml,https://buy.stripe.com/4gM28raD9bEY30R1CKaMU0w,https://app.agentassets.io/success?product_id=AA-UTL-GEN-GUARDRAILSYAML-CORE-033,https://app.agentassets.io/success?product_id=AA-UTL-GEN-GUARDRAILSYAML-CORE-033#downloads,AA-UTL-GEN-GUARDRAILSYAML-CORE-033,https://api.agentassets.io/checkout/session,https://api.agentassets.io/downloads/signed-url,https://api.agentassets.io/disclosures/acknowledge,Buy Now,Preview Sample
AA-UTL-GEN-MEMORYTEMPLATES-CORE-034,utility-memory-templates,Memory Template Library,utility,memory_templates,Memory templates for context persistence,https://placehold.co/1200x800/1B3A4B/EFF8FF.png?text=Memory%20Template%20Library,69,99,30,30,Now $69,Was $99,Save $30 (30% off),TOFU,generalist | memory templates | utility,openai | anthropic | cursor,Y,https://agentassets.io/sample/utility-memory-templates,none,none,low,General,N,,,,N,Y,Y,draft,https://app.agentassets.io/products/utility-memory-templates,https://buy.stripe.com/28EbJ1h1x4cwdFvbdkaMU0x,https://app.agentassets.io/success?product_id=AA-UTL-GEN-MEMORYTEMPLATES-CORE-034,https://app.agentassets.io/success?product_id=AA-UTL-GEN-MEMORYTEMPLATES-CORE-034#downloads,AA-UTL-GEN-MEMORYTEMPLATES-CORE-034,https://api.agentassets.io/checkout/session,https://api.agentassets.io/downloads/signed-url,https://api.agentassets.io/disclosures/acknowledge,Buy Now,Preview Sample
AA-UTL-MKT-OPENAPIWRAPPER-CORE-035,utility-marketing-openapi-wrapper,Marketing OpenAPI Wrapper Pack,utility,openapi_wrapper,OpenAPI wrapper templates for marketing APIs,https://placehold.co/1200x800/1B3A4B/EFF8FF.png?text=Marketing%20OpenAPI%20Wrapper%20Pack,99,149,34,50,Now $99,Was $149,Save $50 (34% off),MOFU,marketing | openapi wrapper | utility,openai | anthropic | langchain,N,,none,none,med,General,N,,,,N,N,N,draft,https://app.agentassets.io/products/utility-marketing-openapi-wrapper,https://buy.stripe.com/bJe7sLh1xfVebxna9gaMU0y,https://app.agentassets.io/success?product_id=AA-UTL-MKT-OPENAPIWRAPPER-CORE-035,https://app.agentassets.io/success?product_id=AA-UTL-MKT-OPENAPIWRAPPER-CORE-035#downloads,AA-UTL-MKT-OPENAPIWRAPPER-CORE-035,https://api.agentassets.io/checkout/session,https://api.agentassets.io/downloads/signed-url,https://api.agentassets.io/disclosures/acknowledge,Buy Now,View Details
AA-UTL-SUP-POLICYTEMPLATES-CORE-036,utility-support-policy-templates,Support Policy Template Kit,utility,guardrails_yaml,Policy templates for support workflows,https://placehold.co/1200x800/1B3A4B/EFF8FF.png?text=Support%20Policy%20Template%20Kit,89,129,31,40,Now $89,Was $129,Save $40 (31% off),MOFU,support ops | policy templates | utility,openai | anthropic | cursor,N,,none,none,med,General,N,,,,N,N,N,draft,https://app.agentassets.io/products/utility-support-policy-templates,https://buy.stripe.com/cNi28r12zeRa8lb3KSaMU0z,https://app.agentassets.io/success?product_id=AA-UTL-SUP-POLICYTEMPLATES-CORE-036,https://app.agentassets.io/success?product_id=AA-UTL-SUP-POLICYTEMPLATES-CORE-036#downloads,AA-UTL-SUP-POLICYTEMPLATES-CORE-036,https://api.agentassets.io/checkout/session,https://api.agentassets.io/downloads/signed-url,https://api.agentassets.io/disclosures/acknowledge,Buy Now,View Details
AA-UTL-TRD-MARKETSCHEMAS-PRO-037,utility-trading-market-schemas,Market Schema Pack,utility,json_schema_pack,Prediction and trading market schema library,https://placehold.co/1200x800/16324F/EAF5FF.png?text=Market%20Schema%20Pack%20RESEARCH,129,189,32,60,Now $129,Was $189,Save $60 (32% off),MOFU,trading | market schemas | utility,openai | anthropic | langchain,Y,https://agentassets.io/sample/utility-trading-market-schemas,research,hybrid,med,RESEARCH / MED RISK,N,,,,N,Y,Y,draft,https://app.agentassets.io/products/utility-trading-market-schemas,https://buy.stripe.com/bJefZhaD94cw6d36X4aMU0A,https://app.agentassets.io/success?product_id=AA-UTL-TRD-MARKETSCHEMAS-PRO-037,https://app.agentassets.io/success?product_id=AA-UTL-TRD-MARKETSCHEMAS-PRO-037#downloads,AA-UTL-TRD-MARKETSCHEMAS-PRO-037,https://api.agentassets.io/checkout/session,https://api.agentassets.io/downloads/signed-url,https://api.agentassets.io/disclosures/acknowledge,Buy Now,Preview Sample
AA-UTL-TRD-RISKPOLICYKIT-PRO-038,utility-trading-risk-policy-kit,Trading Risk Policy Kit,utility,guardrails_yaml,Risk policy templates for paper and live execution,https://placehold.co/1200x800/16324F/EAF5FF.png?text=Trading%20Risk%20Policy%20Kit%20LIVE,149,219,32,70,Now $149,Was $219,Save $70 (32% off),BOFU,trading | risk policy | utility,openai | anthropic | langchain,N,,live,hybrid,high,LIVE / HIGH RISK,Y,"This product supports live execution workflows. It is for tooling and education only, not investment advice. User is responsible for all execution decisions.",DISC-1.0.0,"I acknowledge the disclosure and understand this is tooling/education, not investment advice.",Y,N,N,draft,https://app.agentassets.io/products/utility-trading-risk-policy-kit,https://buy.stripe.com/9B65kD8v18sM44VftAaMU0B,https://app.agentassets.io/success?product_id=AA-UTL-TRD-RISKPOLICYKIT-PRO-038,https://app.agentassets.io/success?product_id=AA-UTL-TRD-RISKPOLICYKIT-PRO-038#downloads,AA-UTL-TRD-RISKPOLICYKIT-PRO-038,https://api.agentassets.io/checkout/session,https://api.agentassets.io/downloads/signed-url,https://api.agentassets.io/disclosures/acknowledge,Buy Now,View Details
AA-DOC-GEN-AGENTCOOKBOOK-CORE-039,doc-agent-cookbook,Agent Cookbook,doc,cookbook,Implementation recipes for agent builders,https://placehold.co/1200x800/5A4A1F/FFFBEA.png?text=Agent%20Cookbook,49,79,38,30,Now $49,Was $79,Save $30 (38% off),TOFU,generalist | cookbook | docs,openai | anthropic | cursor | langchain,Y,https://agentassets.io/sample/doc-agent-cookbook,none,none,low,General,N,,,,N,Y,Y,draft,https://app.agentassets.io/products/doc-agent-cookbook,https://buy.stripe.com/6oU3cvdPl6kE9pf2GOaMU0C,https://app.agentassets.io/success?product_id=AA-DOC-GEN-AGENTCOOKBOOK-CORE-039,https://app.agentassets.io/success?product_id=AA-DOC-GEN-AGENTCOOKBOOK-CORE-039#downloads,AA-DOC-GEN-AGENTCOOKBOOK-CORE-039,https://api.agentassets.io/checkout/session,https://api.agentassets.io/downloads/signed-url,https://api.agentassets.io/disclosures/acknowledge,Buy Now,Preview Sample
AA-DOC-GEN-COMPATGUIDE-CORE-040,doc-compatibility-guide,Compatibility Guide,doc,guide,Cross platform compatibility reference guide,https://placehold.co/1200x800/5A4A1F/FFFBEA.png?text=Compatibility%20Guide,39,59,34,20,Now $39,Was $59,Save $20 (34% off),TOFU,generalist | compatibility | docs,openai | anthropic | cursor | langchain,Y,https://agentassets.io/sample/doc-compatibility-guide,none,none,low,General,N,,,,N,Y,Y,draft,https://app.agentassets.io/products/doc-compatibility-guide,https://buy.stripe.com/5kQ5kD4eL38seJz3KSaMU0D,https://app.agentassets.io/success?product_id=AA-DOC-GEN-COMPATGUIDE-CORE-040,https://app.agentassets.io/success?product_id=AA-DOC-GEN-COMPATGUIDE-CORE-040#downloads,AA-DOC-GEN-COMPATGUIDE-CORE-040,https://api.agentassets.io/checkout/session,https://api.agentassets.io/downloads/signed-url,https://api.agentassets.io/disclosures/acknowledge,Buy Now,Preview Sample
AA-DOC-MKT-PLAYBOOK-CORE-041,doc-marketing-playbook,Marketing Agent Playbook,doc,playbook,Best practices for marketing automation assets,https://placehold.co/1200x800/5A4A1F/FFFBEA.png?text=Marketing%20Agent%20Playbook,69,99,30,30,Now $69,Was $99,Save $30 (30% off),MOFU,marketing | playbook | docs,openai | anthropic | cursor,N,,none,none,low,General,N,,,,N,N,N,draft,https://app.agentassets.io/products/doc-marketing-playbook,https://buy.stripe.com/bJebJ14eLcJ2dFv0yGaMU0E,https://app.agentassets.io/success?product_id=AA-DOC-MKT-PLAYBOOK-CORE-041,https://app.agentassets.io/success?product_id=AA-DOC-MKT-PLAYBOOK-CORE-041#downloads,AA-DOC-MKT-PLAYBOOK-CORE-041,https://api.agentassets.io/checkout/session,https://api.agentassets.io/downloads/signed-url,https://api.agentassets.io/disclosures/acknowledge,Buy Now,View Details
AA-DOC-SUP-PLAYBOOK-CORE-042,doc-support-playbook,Support Ops Agent Playbook,doc,playbook,Best practices for support automation assets,https://placehold.co/1200x800/5A4A1F/FFFBEA.png?text=Support%20Ops%20Agent%20Playbook,69,99,30,30,Now $69,Was $99,Save $30 (30% off),MOFU,support ops | playbook | docs,openai | anthropic | cursor,N,,none,none,low,General,N,,,,N,N,N,draft,https://app.agentassets.io/products/doc-support-playbook,https://buy.stripe.com/9B69AT7qXbEYcBrdlsaMU0F,https://app.agentassets.io/success?product_id=AA-DOC-SUP-PLAYBOOK-CORE-042,https://app.agentassets.io/success?product_id=AA-DOC-SUP-PLAYBOOK-CORE-042#downloads,AA-DOC-SUP-PLAYBOOK-CORE-042,https://api.agentassets.io/checkout/session,https://api.agentassets.io/downloads/signed-url,https://api.agentassets.io/disclosures/acknowledge,Buy Now,View Details
AA-PRM-SLS-OUTREACH-BASE-043,prompt-sales-outreach-base,Sales Outreach Prompt Pack,prompt,prompt_pack,Cold outreach and follow-up prompt templates for SDRs and AEs,https://placehold.co/1200x800/1F4D3A/F0FFF7.png?text=Sales%20Outreach%20Prompt%20Pack,19,29,34,10,Now $19,Was $29,Save $10 (34% off),TOFU,sales | outreach | cold email | crm,openai | anthropic,Y,https://agentassets.io/sample/prompt-sales-outreach-base,none,none,low,General,N,,,,N,Y,N,draft,https://app.agentassets.io/products/prompt-sales-outreach-base,,https://app.agentassets.io/success?product_id=AA-PRM-SLS-OUTREACH-BASE-043,https://app.agentassets.io/success?product_id=AA-PRM-SLS-OUTREACH-BASE-043#downloads,AA-PRM-SLS-OUTREACH-BASE-043,https://api.agentassets.io/checkout/session,https://api.agentassets.io/downloads/signed-url,https://api.agentassets.io/disclosures/acknowledge,Buy Now,Preview Sample
AA-PRM-SLS-PIPELINE-SUITE-044,prompt-sales-pipeline-suite,Pipeline Management Prompt Suite,prompt,prompt_suite,"Prompt chain for deal qualification, scoring, and next-step generation",https://placehold.co/1200x800/1F4D3A/F0FFF7.png?text=Pipeline%20Management%20Prompt%20Suite,29,39,26,10,Now $29,Was $39,Save $10 (26% off),MOFU,sales | pipeline | deal scoring | qualification,openai | anthropic | cursor,N,,none,none,low,General,N,,,,N,N,N,draft,https://app.agentassets.io/products/prompt-sales-pipeline-suite,,https://app.agentassets.io/success?product_id=AA-PRM-SLS-PIPELINE-SUITE-044,https://app.agentassets.io/success?product_id=AA-PRM-SLS-PIPELINE-SUITE-044#downloads,AA-PRM-SLS-PIPELINE-SUITE-044,https://api.agentassets.io/checkout/session,https://api.agentassets.io/downloads/signed-url,https://api.agentassets.io/disclosures/acknowledge,Buy Now,
AA-SKL-SLS-LEADSCORE-PRO-045,skill-lead-scoring-pro,Lead Scoring Skill,skill,tool_call_spec,Structured skill for AI-driven lead qualification and ICP fit scoring,https://placehold.co/1200x800/1F4D3A/F0FFF7.png?text=Lead%20Scoring%20Skill,99,129,23,30,Now $99,Was $129,Save $30 (23% off),MOFU,sales | lead scoring | crm | qualification,openai | anthropic | langchain,N,,none,none,low,General,N,,,,N,N,N,draft,https://app.agentassets.io/products/skill-lead-scoring-pro,,https://app.agentassets.io/success?product_id=AA-SKL-SLS-LEADSCORE-PRO-045,https://app.agentassets.io/success?product_id=AA-SKL-SLS-LEADSCORE-PRO-045#downloads,AA-SKL-SLS-LEADSCORE-PRO-045,https://api.agentassets.io/checkout/session,https://api.agentassets.io/downloads/signed-url,https://api.agentassets.io/disclosures/acknowledge,Buy Now,
AA-SKL-SLS-DEALBRIEF-PRO-046,skill-deal-brief-pro,Deal Brief Generator Skill,skill,workflow_skill,Auto-generate deal briefs and account summaries from CRM data,https://placehold.co/1200x800/1F4D3A/F0FFF7.png?text=Deal%20Brief%20Generator%20Skill,89,119,25,30,Now $89,Was $119,Save $30 (25% off),MOFU,sales | deal brief | account summary | crm,openai | anthropic | cursor,N,,none,none,low,General,N,,,,N,N,N,draft,https://app.agentassets.io/products/skill-deal-brief-pro,,https://app.agentassets.io/success?product_id=AA-SKL-SLS-DEALBRIEF-PRO-046,https://app.agentassets.io/success?product_id=AA-SKL-SLS-DEALBRIEF-PRO-046#downloads,AA-SKL-SLS-DEALBRIEF-PRO-046,https://api.agentassets.io/checkout/session,https://api.agentassets.io/downloads/signed-url,https://api.agentassets.io/disclosures/acknowledge,Buy Now,
AA-AGT-SLS-OUTBOUNDOPS-PRO-047,agent-outbound-ops-pro,Outbound Sales Ops Agent,agent,workflow_agent,"End-to-end outbound agent: prospect research, personalized outreach, follow-up scheduling",https://placehold.co/1200x800/1F4D3A/F0FFF7.png?text=Outbound%20Sales%20Ops%20Agent,499,699,29,200,Now $499,Was $699,Save $200 (29% off),BOFU,sales | outbound | prospecting | sequence automation,openai | anthropic | langchain,N,,none,none,low,General,N,,,,N,N,N,draft,https://app.agentassets.io/products/agent-outbound-ops-pro,,https://app.agentassets.io/success?product_id=AA-AGT-SLS-OUTBOUNDOPS-PRO-047,https://app.agentassets.io/success?product_id=AA-AGT-SLS-OUTBOUNDOPS-PRO-047#downloads,AA-AGT-SLS-OUTBOUNDOPS-PRO-047,https://api.agentassets.io/checkout/session,https://api.agentassets.io/downloads/signed-url,https://api.agentassets.io/disclosures/acknowledge,Buy Now,
AA-AGT-SLS-CRMUPDATE-PRO-048,agent-crm-update-pro,CRM Auto-Update Agent,agent,task_agent,Agent that extracts call notes and updates CRM fields automatically,https://placehold.co/1200x800/1F4D3A/F0FFF7.png?text=CRM%20Auto-Update%20Agent,399,549,27,150,Now $399,Was $549,Save $150 (27% off),BOFU,sales | crm | note taking | automation,openai | anthropic,N,,none,none,low,General,N,,,,N,N,N,draft,https://app.agentassets.io/products/agent-crm-update-pro,,https://app.agentassets.io/success?product_id=AA-AGT-SLS-CRMUPDATE-PRO-048,https://app.agentassets.io/success?product_id=AA-AGT-SLS-CRMUPDATE-PRO-048#downloads,AA-AGT-SLS-CRMUPDATE-PRO-048,https://api.agentassets.io/checkout/session,https://api.agentassets.io/downloads/signed-url,https://api.agentassets.io/disclosures/acknowledge,Buy Now,
AA-UTL-SLS-CRMSCHEMA-CORE-049,utility-crm-schema-core,CRM Data Schema Pack,utility,json_schema_pack,"JSON schemas for contacts, deals, activities, and pipeline stage transitions",https://placehold.co/1200x800/1F4D3A/F0FFF7.png?text=CRM%20Data%20Schema%20Pack,79,99,20,20,Now $79,Was $99,Save $20 (20% off),MOFU,sales | crm | json schema | data model,openai | anthropic | langchain,N,,none,none,low,General,N,,,,N,N,N,draft,https://app.agentassets.io/products/utility-crm-schema-core,,https://app.agentassets.io/success?product_id=AA-UTL-SLS-CRMSCHEMA-CORE-049,https://app.agentassets.io/success?product_id=AA-UTL-SLS-CRMSCHEMA-CORE-049#downloads,AA-UTL-SLS-CRMSCHEMA-CORE-049,https://api.agentassets.io/checkout/session,https://api.agentassets.io/downloads/signed-url,https://api.agentassets.io/disclosures/acknowledge,Buy Now,
AA-DOC-SLS-PLAYBOOK-CORE-050,doc-sales-playbook,Sales AI Playbook,doc,playbook,Comprehensive guide for integrating AI into SDR and AE workflows,https://placehold.co/1200x800/1F4D3A/F0FFF7.png?text=Sales%20AI%20Playbook,39,59,34,20,Now $39,Was $59,Save $20 (34% off),TOFU,sales | playbook | enablement | ai workflow,openai | anthropic,Y,https://agentassets.io/sample/doc-sales-playbook,none,none,low,General,N,,,,N,Y,N,draft,https://app.agentassets.io/products/doc-sales-playbook,,https://app.agentassets.io/success?product_id=AA-DOC-SLS-PLAYBOOK-CORE-050,https://app.agentassets.io/success?product_id=AA-DOC-SLS-PLAYBOOK-CORE-050#downloads,AA-DOC-SLS-PLAYBOOK-CORE-050,https://api.agentassets.io/checkout/session,https://api.agentassets.io/downloads/signed-url,https://api.agentassets.io/disclosures/acknowledge,Buy Now,Preview Sample
AA-PRM-SLS-CLOSINGMOVES-BASE-051,prompt-closing-moves-base,Closing & Negotiation Prompt Pack,prompt,prompt_pack,"Prompt templates for objection handling, negotiation framing, and closing sequences",https://placehold.co/1200x800/1F4D3A/F0FFF7.png?text=Closing%20&%20Negotiation%20Prompt%20Pack,24,34,29,10,Now $24,Was $34,Save $10 (29% off),MOFU,sales | closing | negotiation | objection handling,openai | anthropic,N,,none,none,low,General,N,,,,N,N,N,draft,https://app.agentassets.io/products/prompt-closing-moves-base,,https://app.agentassets.io/success?product_id=AA-PRM-SLS-CLOSINGMOVES-BASE-051,https://app.agentassets.io/success?product_id=AA-PRM-SLS-CLOSINGMOVES-BASE-051#downloads,AA-PRM-SLS-CLOSINGMOVES-BASE-051,https://api.agentassets.io/checkout/session,https://api.agentassets.io/downloads/signed-url,https://api.agentassets.io/disclosures/acknowledge,Buy Now,
AA-SKL-SLS-COMPETITOR-PRO-052,skill-competitive-intel-pro,Competitive Intelligence Skill,skill,workflow_skill,Skill for summarizing competitor positioning from web data and call notes,https://placehold.co/1200x800/1F4D3A/F0FFF7.png?text=Competitive%20Intelligence%20Skill,89,119,25,30,Now $89,Was $119,Save $30 (25% off),MOFU,sales | competitive intel | battle cards | positioning,openai | anthropic | cursor,N,,none,none,low,General,N,,,,N,N,N,draft,https://app.agentassets.io/products/skill-competitive-intel-pro,,https://app.agentassets.io/success?product_id=AA-SKL-SLS-COMPETITOR-PRO-052,https://app.agentassets.io/success?product_id=AA-SKL-SLS-COMPETITOR-PRO-052#downloads,AA-SKL-SLS-COMPETITOR-PRO-052,https://api.agentassets.io/checkout/session,https://api.agentassets.io/downloads/signed-url,https://api.agentassets.io/disclosures/acknowledge,Buy Now,
AA-PRM-ENG-CODEREV-BASE-053,prompt-code-review-base,Code Review Prompt Pack,prompt,prompt_pack,"Prompt templates for structured code review, PR feedback, and style checks",https://placehold.co/1200x800/1F4D3A/F0FFF7.png?text=Code%20Review%20Prompt%20Pack,19,29,34,10,Now $19,Was $29,Save $10 (34% off),TOFU,engineering | code review | pull request | quality,openai | anthropic | cursor,Y,https://agentassets.io/sample/prompt-code-review-base,none,none,low,General,N,,,,N,Y,N,draft,https://app.agentassets.io/products/prompt-code-review-base,,https://app.agentassets.io/success?product_id=AA-PRM-ENG-CODEREV-BASE-053,https://app.agentassets.io/success?product_id=AA-PRM-ENG-CODEREV-BASE-053#downloads,AA-PRM-ENG-CODEREV-BASE-053,https://api.agentassets.io/checkout/session,https://api.agentassets.io/downloads/signed-url,https://api.agentassets.io/disclosures/acknowledge,Buy Now,Preview Sample
AA-PRM-ENG-DEBUGCHAIN-SUITE-054,prompt-debug-chain-suite,Debug & Root Cause Prompt Suite,prompt,prompt_suite,"Chained prompts for systematic debugging, error tracing, and fix generation",https://placehold.co/1200x800/1F4D3A/F0FFF7.png?text=Debug%20&%20Root%20Cause%20Prompt%20Suite,29,39,26,10,Now $29,Was $39,Save $10 (26% off),MOFU,engineering | debugging | root cause | error handling,openai | anthropic | cursor,N,,none,none,low,General,N,,,,N,N,N,draft,https://app.agentassets.io/products/prompt-debug-chain-suite,,https://app.agentassets.io/success?product_id=AA-PRM-ENG-DEBUGCHAIN-SUITE-054,https://app.agentassets.io/success?product_id=AA-PRM-ENG-DEBUGCHAIN-SUITE-054#downloads,AA-PRM-ENG-DEBUGCHAIN-SUITE-054,https://api.agentassets.io/checkout/session,https://api.agentassets.io/downloads/signed-url,https://api.agentassets.io/disclosures/acknowledge,Buy Now,
AA-SKL-ENG-PRSUMMARY-PRO-055,skill-pr-summary-pro,PR Summary Skill,skill,tool_call_spec,"Auto-summarize pull requests with diff analysis, risk flags, and reviewer guidance",https://placehold.co/1200x800/1F4D3A/F0FFF7.png?text=PR%20Summary%20Skill,99,129,23,30,Now $99,Was $129,Save $30 (23% off),MOFU,engineering | pr | pull request | code review,openai | anthropic | cursor,N,,none,none,low,General,N,,,,N,N,N,draft,https://app.agentassets.io/products/skill-pr-summary-pro,,https://app.agentassets.io/success?product_id=AA-SKL-ENG-PRSUMMARY-PRO-055,https://app.agentassets.io/success?product_id=AA-SKL-ENG-PRSUMMARY-PRO-055#downloads,AA-SKL-ENG-PRSUMMARY-PRO-055,https://api.agentassets.io/checkout/session,https://api.agentassets.io/downloads/signed-url,https://api.agentassets.io/disclosures/acknowledge,Buy Now,
AA-SKL-ENG-INCIDENT-PRO-056,skill-incident-response-pro,Incident Response Skill,skill,workflow_skill,"Structured skill for triage, impact assessment, and runbook generation during incidents",https://placehold.co/1200x800/1F4D3A/F0FFF7.png?text=Incident%20Response%20Skill,119,149,20,30,Now $119,Was $149,Save $30 (20% off),MOFU,engineering | incident | sre | runbook | on-call,openai | anthropic | langchain,N,,none,none,low,General,N,,,,N,N,N,draft,https://app.agentassets.io/products/skill-incident-response-pro,,https://app.agentassets.io/success?product_id=AA-SKL-ENG-INCIDENT-PRO-056,https://app.agentassets.io/success?product_id=AA-SKL-ENG-INCIDENT-PRO-056#downloads,AA-SKL-ENG-INCIDENT-PRO-056,https://api.agentassets.io/checkout/session,https://api.agentassets.io/downloads/signed-url,https://api.agentassets.io/disclosures/acknowledge,Buy Now,
AA-AGT-ENG-RELEASEOPS-PRO-057,agent-release-ops-pro,Release Ops Agent,agent,workflow_agent,"Agent that drafts changelogs, release notes, and deployment checklists from git history",https://placehold.co/1200x800/1F4D3A/F0FFF7.png?text=Release%20Ops%20Agent,399,549,27,150,Now $399,Was $549,Save $150 (27% off),BOFU,engineering | release | deployment | changelog | devops,openai | anthropic | cursor,N,,none,none,low,General,N,,,,N,N,N,draft,https://app.agentassets.io/products/agent-release-ops-pro,,https://app.agentassets.io/success?product_id=AA-AGT-ENG-RELEASEOPS-PRO-057,https://app.agentassets.io/success?product_id=AA-AGT-ENG-RELEASEOPS-PRO-057#downloads,AA-AGT-ENG-RELEASEOPS-PRO-057,https://api.agentassets.io/checkout/session,https://api.agentassets.io/downloads/signed-url,https://api.agentassets.io/disclosures/acknowledge,Buy Now,
AA-AGT-ENG-ONBOARDING-PRO-058,agent-dev-onboarding-pro,Developer Onboarding Agent,agent,task_agent,"Guides new engineers through codebase setup, architecture overview, and first tasks",https://placehold.co/1200x800/1F4D3A/F0FFF7.png?text=Developer%20Onboarding%20Agent,449,599,25,150,Now $449,Was $599,Save $150 (25% off),BOFU,engineering | onboarding | developer experience | docs,openai | anthropic | cursor,N,,none,none,low,General,N,,,,N,N,N,draft,https://app.agentassets.io/products/agent-dev-onboarding-pro,,https://app.agentassets.io/success?product_id=AA-AGT-ENG-ONBOARDING-PRO-058,https://app.agentassets.io/success?product_id=AA-AGT-ENG-ONBOARDING-PRO-058#downloads,AA-AGT-ENG-ONBOARDING-PRO-058,https://api.agentassets.io/checkout/session,https://api.agentassets.io/downloads/signed-url,https://api.agentassets.io/disclosures/acknowledge,Buy Now,
AA-UTL-ENG-CICDSCHEMA-CORE-059,utility-cicd-schema-core,CI/CD Pipeline Schema Pack,utility,json_schema_pack,"JSON schemas for pipeline stages, build configs, and deployment manifests",https://placehold.co/1200x800/1F4D3A/F0FFF7.png?text=CI/CD%20Pipeline%20Schema%20Pack,79,99,20,20,Now $79,Was $99,Save $20 (20% off),MOFU,engineering | cicd | pipeline | devops | schema,openai | anthropic | langchain,N,,none,none,low,General,N,,,,N,N,N,draft,https://app.agentassets.io/products/utility-cicd-schema-core,,https://app.agentassets.io/success?product_id=AA-UTL-ENG-CICDSCHEMA-CORE-059,https://app.agentassets.io/success?product_id=AA-UTL-ENG-CICDSCHEMA-CORE-059#downloads,AA-UTL-ENG-CICDSCHEMA-CORE-059,https://api.agentassets.io/checkout/session,https://api.agentassets.io/downloads/signed-url,https://api.agentassets.io/disclosures/acknowledge,Buy Now,
AA-UTL-ENG-APIDOC-CORE-060,utility-api-doc-templates,API Documentation Templates,utility,memory_templates,"Markdown templates for REST, GraphQL, and gRPC API documentation",https://placehold.co/1200x800/1F4D3A/F0FFF7.png?text=API%20Documentation%20Templates,69,89,22,20,Now $69,Was $89,Save $20 (22% off),MOFU,engineering | api | documentation | openapi | swagger,openai | anthropic | cursor,N,,none,none,low,General,N,,,,N,N,N,draft,https://app.agentassets.io/products/utility-api-doc-templates,,https://app.agentassets.io/success?product_id=AA-UTL-ENG-APIDOC-CORE-060,https://app.agentassets.io/success?product_id=AA-UTL-ENG-APIDOC-CORE-060#downloads,AA-UTL-ENG-APIDOC-CORE-060,https://api.agentassets.io/checkout/session,https://api.agentassets.io/downloads/signed-url,https://api.agentassets.io/disclosures/acknowledge,Buy Now,
AA-DOC-ENG-COOKBOOK-CORE-061,doc-engineering-ai-cookbook,Engineering AI Cookbook,doc,cookbook,Practical recipes for integrating LLMs into engineering workflows and CI pipelines,https://placehold.co/1200x800/1F4D3A/F0FFF7.png?text=Engineering%20AI%20Cookbook,49,69,29,20,Now $49,Was $69,Save $20 (29% off),TOFU,engineering | cookbook | llm | integration | workflow,openai | anthropic | cursor,N,,none,none,low,General,N,,,,N,N,N,draft,https://app.agentassets.io/products/doc-engineering-ai-cookbook,,https://app.agentassets.io/success?product_id=AA-DOC-ENG-COOKBOOK-CORE-061,https://app.agentassets.io/success?product_id=AA-DOC-ENG-COOKBOOK-CORE-061#downloads,AA-DOC-ENG-COOKBOOK-CORE-061,https://api.agentassets.io/checkout/session,https://api.agentassets.io/downloads/signed-url,https://api.agentassets.io/disclosures/acknowledge,Buy Now,
AA-PRM-ENG-ARCHITECTURE-SUITE-062,prompt-architecture-suite,Architecture Review Prompt Suite,prompt,prompt_suite,"Prompt chain for system design reviews, ADR generation, and trade-off analysis",https://placehold.co/1200x800/1F4D3A/F0FFF7.png?text=Architecture%20Review%20Prompt%20Suite,29,39,26,10,Now $29,Was $39,Save $10 (26% off),MOFU,engineering | architecture | adr | system design | review,openai | anthropic,N,,none,none,low,General,N,,,,N,N,N,draft,https://app.agentassets.io/products/prompt-architecture-suite,,https://app.agentassets.io/success?product_id=AA-PRM-ENG-ARCHITECTURE-SUITE-062,https://app.agentassets.io/success?product_id=AA-PRM-ENG-ARCHITECTURE-SUITE-062#downloads,AA-PRM-ENG-ARCHITECTURE-SUITE-062,https://api.agentassets.io/checkout/session,https://api.agentassets.io/downloads/signed-url,https://api.agentassets.io/disclosures/acknowledge,Buy Now,
AA-PRM-FIN-EXPENSE-BASE-063,prompt-expense-report-base,Expense Report Prompt Pack,prompt,prompt_pack,"Prompt templates for categorizing expenses, drafting reports, and flagging anomalies",https://placehold.co/1200x800/1F4D3A/F0FFF7.png?text=Expense%20Report%20Prompt%20Pack,19,29,34,10,Now $19,Was $29,Save $10 (34% off),TOFU,finance | expense | accounting | categorization,openai | anthropic,Y,https://agentassets.io/sample/prompt-expense-report-base,none,none,low,General,N,,,,N,Y,N,draft,https://app.agentassets.io/products/prompt-expense-report-base,,https://app.agentassets.io/success?product_id=AA-PRM-FIN-EXPENSE-BASE-063,https://app.agentassets.io/success?product_id=AA-PRM-FIN-EXPENSE-BASE-063#downloads,AA-PRM-FIN-EXPENSE-BASE-063,https://api.agentassets.io/checkout/session,https://api.agentassets.io/downloads/signed-url,https://api.agentassets.io/disclosures/acknowledge,Buy Now,Preview Sample
AA-PRM-FIN-FORECAST-SUITE-064,prompt-financial-forecast-suite,Financial Forecast Prompt Suite,prompt,prompt_suite,"Chained prompts for revenue projection, scenario modeling, and variance commentary",https://placehold.co/1200x800/1F4D3A/F0FFF7.png?text=Financial%20Forecast%20Prompt%20Suite,34,44,23,10,Now $34,Was $44,Save $10 (23% off),MOFU,finance | forecasting | fp&a | revenue | modeling,openai | anthropic | cursor,N,,none,none,low,General,N,,,,N,N,N,draft,https://app.agentassets.io/products/prompt-financial-forecast-suite,,https://app.agentassets.io/success?product_id=AA-PRM-FIN-FORECAST-SUITE-064,https://app.agentassets.io/success?product_id=AA-PRM-FIN-FORECAST-SUITE-064#downloads,AA-PRM-FIN-FORECAST-SUITE-064,https://api.agentassets.io/checkout/session,https://api.agentassets.io/downloads/signed-url,https://api.agentassets.io/disclosures/acknowledge,Buy Now,
AA-SKL-FIN-RECONCILE-PRO-065,skill-reconciliation-pro,Account Reconciliation Skill,skill,workflow_skill,"Skill for matching transactions, identifying discrepancies, and generating reconciliation reports",https://placehold.co/1200x800/1F4D3A/F0FFF7.png?text=Account%20Reconciliation%20Skill,99,129,23,30,Now $99,Was $129,Save $30 (23% off),MOFU,finance | reconciliation | accounting | transactions,openai | anthropic | langchain,N,,none,none,low,General,N,,,,N,N,N,draft,https://app.agentassets.io/products/skill-reconciliation-pro,,https://app.agentassets.io/success?product_id=AA-SKL-FIN-RECONCILE-PRO-065,https://app.agentassets.io/success?product_id=AA-SKL-FIN-RECONCILE-PRO-065#downloads,AA-SKL-FIN-RECONCILE-PRO-065,https://api.agentassets.io/checkout/session,https://api.agentassets.io/downloads/signed-url,https://api.agentassets.io/disclosures/acknowledge,Buy Now,
AA-SKL-FIN-INVOICEPRO-066,skill-invoice-processing-pro,Invoice Processing Skill,skill,tool_call_spec,"Extract, validate, and route invoice data with structured output and approval logic",https://placehold.co/1200x800/1F4D3A/F0FFF7.png?text=Invoice%20Processing%20Skill,89,119,25,30,Now $89,Was $119,Save $30 (25% off),MOFU,finance | invoice | accounts payable | automation,openai | anthropic,N,,none,none,low,General,N,,,,N,N,N,draft,https://app.agentassets.io/products/skill-invoice-processing-pro,,https://app.agentassets.io/success?product_id=AA-SKL-FIN-INVOICEPRO-066,https://app.agentassets.io/success?product_id=AA-SKL-FIN-INVOICEPRO-066#downloads,AA-SKL-FIN-INVOICEPRO-066,https://api.agentassets.io/checkout/session,https://api.agentassets.io/downloads/signed-url,https://api.agentassets.io/disclosures/acknowledge,Buy Now,
AA-AGT-FIN-FPAAOPS-PRO-067,agent-fpa-ops-pro,FP&A Automation Agent,agent,workflow_agent,"End-to-end agent for financial planning: data ingestion, model updates, and commentary drafts",https://placehold.co/1200x800/1F4D3A/F0FFF7.png?text=FP&A%20Automation%20Agent,599,799,25,200,Now $599,Was $799,Save $200 (25% off),BOFU,finance | fp&a | financial planning | automation | modeling,openai | anthropic | langchain,N,,none,none,low,General,N,,,,N,N,N,draft,https://app.agentassets.io/products/agent-fpa-ops-pro,,https://app.agentassets.io/success?product_id=AA-AGT-FIN-FPAAOPS-PRO-067,https://app.agentassets.io/success?product_id=AA-AGT-FIN-FPAAOPS-PRO-067#downloads,AA-AGT-FIN-FPAAOPS-PRO-067,https://api.agentassets.io/checkout/session,https://api.agentassets.io/downloads/signed-url,https://api.agentassets.io/disclosures/acknowledge,Buy Now,
AA-AGT-FIN-BUDGETREV-PRO-068,agent-budget-review-pro,Budget Review Agent,agent,task_agent,"Reviews budget submissions, flags overages, and generates executive summary commentary",https://placehold.co/1200x800/1F4D3A/F0FFF7.png?text=Budget%20Review%20Agent,449,599,25,150,Now $449,Was $599,Save $150 (25% off),BOFU,finance | budget | review | commentary | variance,openai | anthropic,N,,none,none,low,General,N,,,,N,N,N,draft,https://app.agentassets.io/products/agent-budget-review-pro,,https://app.agentassets.io/success?product_id=AA-AGT-FIN-BUDGETREV-PRO-068,https://app.agentassets.io/success?product_id=AA-AGT-FIN-BUDGETREV-PRO-068#downloads,AA-AGT-FIN-BUDGETREV-PRO-068,https://api.agentassets.io/checkout/session,https://api.agentassets.io/downloads/signed-url,https://api.agentassets.io/disclosures/acknowledge,Buy Now,
AA-UTL-FIN-FPASCHEMA-CORE-069,utility-fpa-schema-core,FP&A Data Schema Pack,utility,json_schema_pack,"JSON schemas for cost centers, budgets, actuals, and forecast periods",https://placehold.co/1200x800/1F4D3A/F0FFF7.png?text=FP&A%20Data%20Schema%20Pack,79,99,20,20,Now $79,Was $99,Save $20 (20% off),MOFU,finance | fp&a | json schema | data model | accounting,openai | anthropic | langchain,N,,none,none,low,General,N,,,,N,N,N,draft,https://app.agentassets.io/products/utility-fpa-schema-core,,https://app.agentassets.io/success?product_id=AA-UTL-FIN-FPASCHEMA-CORE-069,https://app.agentassets.io/success?product_id=AA-UTL-FIN-FPASCHEMA-CORE-069#downloads,AA-UTL-FIN-FPASCHEMA-CORE-069,https://api.agentassets.io/checkout/session,https://api.agentassets.io/downloads/signed-url,https://api.agentassets.io/disclosures/acknowledge,Buy Now,
AA-DOC-FIN-PLAYBOOK-CORE-070,doc-finance-ai-playbook,Finance AI Playbook,doc,playbook,"Guide for deploying AI in finance: FP&A, AP/AR automation, compliance considerations",https://placehold.co/1200x800/1F4D3A/F0FFF7.png?text=Finance%20AI%20Playbook,49,69,29,20,Now $49,Was $69,Save $20 (29% off),TOFU,finance | playbook | automation | ai | accounting,openai | anthropic,N,,none,none,low,General,N,,,,N,N,N,draft,https://app.agentassets.io/products/doc-finance-ai-playbook,,https://app.agentassets.io/success?product_id=AA-DOC-FIN-PLAYBOOK-CORE-070,https://app.agentassets.io/success?product_id=AA-DOC-FIN-PLAYBOOK-CORE-070#downloads,AA-DOC-FIN-PLAYBOOK-CORE-070,https://api.agentassets.io/checkout/session,https://api.agentassets.io/downloads/signed-url,https://api.agentassets.io/disclosures/acknowledge,Buy Now,
AA-PRM-FIN-AUDIT-BASE-071,prompt-audit-prep-base,Audit Prep Prompt Pack,prompt,prompt_pack,"Prompts for audit trail narration, control documentation, and auditor response drafts",https://placehold.co/1200x800/1F4D3A/F0FFF7.png?text=Audit%20Prep%20Prompt%20Pack,24,34,29,10,Now $24,Was $34,Save $10 (29% off),MOFU,finance | audit | compliance | documentation | controls,openai | anthropic,N,,none,none,low,General,N,,,,N,N,N,draft,https://app.agentassets.io/products/prompt-audit-prep-base,,https://app.agentassets.io/success?product_id=AA-PRM-FIN-AUDIT-BASE-071,https://app.agentassets.io/success?product_id=AA-PRM-FIN-AUDIT-BASE-071#downloads,AA-PRM-FIN-AUDIT-BASE-071,https://api.agentassets.io/checkout/session,https://api.agentassets.io/downloads/signed-url,https://api.agentassets.io/disclosures/acknowledge,Buy Now,
AA-SKL-FIN-CASHFLOW-PRO-072,skill-cashflow-analysis-pro,Cash Flow Analysis Skill,skill,workflow_skill,"Structured skill for cash flow projection, liquidity analysis, and alert generation",https://placehold.co/1200x800/1F4D3A/F0FFF7.png?text=Cash%20Flow%20Analysis%20Skill,99,129,23,30,Now $99,Was $129,Save $30 (23% off),MOFU,finance | cash flow | liquidity | treasury | modeling,openai | anthropic | cursor,N,,none,none,low,General,N,,,,N,N,N,draft,https://app.agentassets.io/products/skill-cashflow-analysis-pro,,https://app.agentassets.io/success?product_id=AA-SKL-FIN-CASHFLOW-PRO-072,https://app.agentassets.io/success?product_id=AA-SKL-FIN-CASHFLOW-PRO-072#downloads,AA-SKL-FIN-CASHFLOW-PRO-072,https://api.agentassets.io/checkout/session,https://api.agentassets.io/downloads/signed-url,https://api.agentassets.io/disclosures/acknowledge,Buy Now,
AA-PRM-DAT-SQLGEN-BASE-073,prompt-sql-generation-base,SQL Generation Prompt Pack,prompt,prompt_pack,"Natural language to SQL prompts for analysts, with validation and optimization hints",https://placehold.co/1200x800/1F4D3A/F0FFF7.png?text=SQL%20Generation%20Prompt%20Pack,24,34,29,10,Now $24,Was $34,Save $10 (29% off),TOFU,data | sql | analytics | query | natural language,openai | anthropic | cursor,Y,https://agentassets.io/sample/prompt-sql-generation-base,none,none,low,General,N,,,,N,Y,N,draft,https://app.agentassets.io/products/prompt-sql-generation-base,,https://app.agentassets.io/success?product_id=AA-PRM-DAT-SQLGEN-BASE-073,https://app.agentassets.io/success?product_id=AA-PRM-DAT-SQLGEN-BASE-073#downloads,AA-PRM-DAT-SQLGEN-BASE-073,https://api.agentassets.io/checkout/session,https://api.agentassets.io/downloads/signed-url,https://api.agentassets.io/disclosures/acknowledge,Buy Now,Preview Sample
AA-PRM-DAT-DASHBOARD-SUITE-074,prompt-dashboard-brief-suite,Dashboard Brief Prompt Suite,prompt,prompt_suite,Chained prompts for generating executive dashboard summaries and data narratives,https://placehold.co/1200x800/1F4D3A/F0FFF7.png?text=Dashboard%20Brief%20Prompt%20Suite,29,39,26,10,Now $29,Was $39,Save $10 (26% off),MOFU,data | dashboard | analytics | reporting | narrative,openai | anthropic,N,,none,none,low,General,N,,,,N,N,N,draft,https://app.agentassets.io/products/prompt-dashboard-brief-suite,,https://app.agentassets.io/success?product_id=AA-PRM-DAT-DASHBOARD-SUITE-074,https://app.agentassets.io/success?product_id=AA-PRM-DAT-DASHBOARD-SUITE-074#downloads,AA-PRM-DAT-DASHBOARD-SUITE-074,https://api.agentassets.io/checkout/session,https://api.agentassets.io/downloads/signed-url,https://api.agentassets.io/disclosures/acknowledge,Buy Now,
AA-SKL-DAT-ANOMALY-PRO-075,skill-anomaly-detection-pro,Anomaly Detection Skill,skill,tool_call_spec,Structured skill for statistical anomaly detection with root cause hypothesis generation,https://placehold.co/1200x800/1F4D3A/F0FFF7.png?text=Anomaly%20Detection%20Skill,119,149,20,30,Now $119,Was $149,Save $30 (20% off),MOFU,data | anomaly detection | statistics | monitoring | alerts,openai | anthropic | langchain,N,,none,none,low,General,N,,,,N,N,N,draft,https://app.agentassets.io/products/skill-anomaly-detection-pro,,https://app.agentassets.io/success?product_id=AA-SKL-DAT-ANOMALY-PRO-075,https://app.agentassets.io/success?product_id=AA-SKL-DAT-ANOMALY-PRO-075#downloads,AA-SKL-DAT-ANOMALY-PRO-075,https://api.agentassets.io/checkout/session,https://api.agentassets.io/downloads/signed-url,https://api.agentassets.io/disclosures/acknowledge,Buy Now,
AA-SKL-DAT-DATACLEAN-PRO-076,skill-data-cleaning-pro,Data Cleaning Skill,skill,workflow_skill,"Skill for profiling, validating, and cleaning structured datasets with output schemas",https://placehold.co/1200x800/1F4D3A/F0FFF7.png?text=Data%20Cleaning%20Skill,89,119,25,30,Now $89,Was $119,Save $30 (25% off),MOFU,data | data cleaning | quality | etl | validation,openai | anthropic | cursor,N,,none,none,low,General,N,,,,N,N,N,draft,https://app.agentassets.io/products/skill-data-cleaning-pro,,https://app.agentassets.io/success?product_id=AA-SKL-DAT-DATACLEAN-PRO-076,https://app.agentassets.io/success?product_id=AA-SKL-DAT-DATACLEAN-PRO-076#downloads,AA-SKL-DAT-DATACLEAN-PRO-076,https://api.agentassets.io/checkout/session,https://api.agentassets.io/downloads/signed-url,https://api.agentassets.io/disclosures/acknowledge,Buy Now,
AA-AGT-DAT-REPORTOPS-PRO-077,agent-report-ops-pro,Automated Report Agent,agent,workflow_agent,"Agent that pulls data, runs analysis, generates narrative, and formats reports automatically",https://placehold.co/1200x800/1F4D3A/F0FFF7.png?text=Automated%20Report%20Agent,499,699,29,200,Now $499,Was $699,Save $200 (29% off),BOFU,data | reporting | analytics | automation | narrative,openai | anthropic | langchain,N,,none,none,low,General,N,,,,N,N,N,draft,https://app.agentassets.io/products/agent-report-ops-pro,,https://app.agentassets.io/success?product_id=AA-AGT-DAT-REPORTOPS-PRO-077,https://app.agentassets.io/success?product_id=AA-AGT-DAT-REPORTOPS-PRO-077#downloads,AA-AGT-DAT-REPORTOPS-PRO-077,https://api.agentassets.io/checkout/session,https://api.agentassets.io/downloads/signed-url,https://api.agentassets.io/disclosures/acknowledge,Buy Now,
AA-AGT-DAT-INSIGHTS-PRO-078,agent-data-insights-pro,Data Insights Agent,agent,task_agent,"Conversational agent for ad-hoc data Q&A, trend identification, and KPI commentary",https://placehold.co/1200x800/1F4D3A/F0FFF7.png?text=Data%20Insights%20Agent,449,599,25,150,Now $449,Was $599,Save $150 (25% off),BOFU,data | insights | analytics | kpi | conversational,openai | anthropic | cursor,N,,none,none,low,General,N,,,,N,N,N,draft,https://app.agentassets.io/products/agent-data-insights-pro,,https://app.agentassets.io/success?product_id=AA-AGT-DAT-INSIGHTS-PRO-078,https://app.agentassets.io/success?product_id=AA-AGT-DAT-INSIGHTS-PRO-078#downloads,AA-AGT-DAT-INSIGHTS-PRO-078,https://api.agentassets.io/checkout/session,https://api.agentassets.io/downloads/signed-url,https://api.agentassets.io/disclosures/acknowledge,Buy Now,
AA-UTL-DAT-METASCHEMA-CORE-079,utility-data-metadata-schema,Data Metadata Schema Pack,utility,json_schema_pack,"JSON schemas for datasets, metrics, dimensions, and pipeline lineage metadata",https://placehold.co/1200x800/1F4D3A/F0FFF7.png?text=Data%20Metadata%20Schema%20Pack,69,89,22,20,Now $69,Was $89,Save $20 (22% off),MOFU,data | metadata | schema | catalog | lineage,openai | anthropic | langchain,N,,none,none,low,General,N,,,,N,N,N,draft,https://app.agentassets.io/products/utility-data-metadata-schema,,https://app.agentassets.io/success?product_id=AA-UTL-DAT-METASCHEMA-CORE-079,https://app.agentassets.io/success?product_id=AA-UTL-DAT-METASCHEMA-CORE-079#downloads,AA-UTL-DAT-METASCHEMA-CORE-079,https://api.agentassets.io/checkout/session,https://api.agentassets.io/downloads/signed-url,https://api.agentassets.io/disclosures/acknowledge,Buy Now,
AA-UTL-DAT-KPILIB-CORE-080,utility-kpi-library-core,KPI Definition Library,utility,memory_templates,"Structured KPI definitions with formulas, benchmarks, and data source mappings",https://placehold.co/1200x800/1F4D3A/F0FFF7.png?text=KPI%20Definition%20Library,79,99,20,20,Now $79,Was $99,Save $20 (20% off),MOFU,data | kpi | metrics | definitions | analytics,openai | anthropic | cursor,N,,none,none,low,General,N,,,,N,N,N,draft,https://app.agentassets.io/products/utility-kpi-library-core,,https://app.agentassets.io/success?product_id=AA-UTL-DAT-KPILIB-CORE-080,https://app.agentassets.io/success?product_id=AA-UTL-DAT-KPILIB-CORE-080#downloads,AA-UTL-DAT-KPILIB-CORE-080,https://api.agentassets.io/checkout/session,https://api.agentassets.io/downloads/signed-url,https://api.agentassets.io/disclosures/acknowledge,Buy Now,
AA-DOC-DAT-COOKBOOK-CORE-081,doc-data-analytics-cookbook,Data Analytics AI Cookbook,doc,cookbook,"Practical recipes for AI-augmented analytics: SQL generation, insight summarization, charting",https://placehold.co/1200x800/1F4D3A/F0FFF7.png?text=Data%20Analytics%20AI%20Cookbook,49,69,29,20,Now $49,Was $69,Save $20 (29% off),TOFU,data | cookbook | analytics | ai | recipes,openai | anthropic | cursor,N,,none,none,low,General,N,,,,N,N,N,draft,https://app.agentassets.io/products/doc-data-analytics-cookbook,,https://app.agentassets.io/success?product_id=AA-DOC-DAT-COOKBOOK-CORE-081,https://app.agentassets.io/success?product_id=AA-DOC-DAT-COOKBOOK-CORE-081#downloads,AA-DOC-DAT-COOKBOOK-CORE-081,https://api.agentassets.io/checkout/session,https://api.agentassets.io/downloads/signed-url,https://api.agentassets.io/disclosures/acknowledge,Buy Now,
AA-PRM-DAT-ETLDESIGN-SUITE-082,prompt-etl-design-suite,ETL Design Prompt Suite,prompt,prompt_suite,"Prompts for pipeline architecture, transformation logic, and data quality rule generation",https://placehold.co/1200x800/1F4D3A/F0FFF7.png?text=ETL%20Design%20Prompt%20Suite,29,39,26,10,Now $29,Was $39,Save $10 (26% off),MOFU,data | etl | pipeline | transformation | architecture,openai | anthropic | langchain,N,,none,none,low,General,N,,,,N,N,N,draft,https://app.agentassets.io/products/prompt-etl-design-suite,,https://app.agentassets.io/success?product_id=AA-PRM-DAT-ETLDESIGN-SUITE-082,https://app.agentassets.io/success?product_id=AA-PRM-DAT-ETLDESIGN-SUITE-082#downloads,AA-PRM-DAT-ETLDESIGN-SUITE-082,https://api.agentassets.io/checkout/session,https://api.agentassets.io/downloads/signed-url,https://api.agentassets.io/disclosures/acknowledge,Buy Now,
AA-PRM-HRE-JOBDESC-BASE-083,prompt-job-description-base,Job Description Prompt Pack,prompt,prompt_pack,"Prompt templates for writing inclusive, structured job descriptions by role and level",https://placehold.co/1200x800/1F4D3A/F0FFF7.png?text=Job%20Description%20Prompt%20Pack,19,29,34,10,Now $19,Was $29,Save $10 (34% off),TOFU,hr | recruiting | job description | talent | hiring,openai | anthropic,Y,https://agentassets.io/sample/prompt-job-description-base,none,none,low,General,N,,,,N,Y,N,draft,https://app.agentassets.io/products/prompt-job-description-base,,https://app.agentassets.io/success?product_id=AA-PRM-HRE-JOBDESC-BASE-083,https://app.agentassets.io/success?product_id=AA-PRM-HRE-JOBDESC-BASE-083#downloads,AA-PRM-HRE-JOBDESC-BASE-083,https://api.agentassets.io/checkout/session,https://api.agentassets.io/downloads/signed-url,https://api.agentassets.io/disclosures/acknowledge,Buy Now,Preview Sample
AA-PRM-HRE-INTERVIEW-SUITE-084,prompt-interview-guide-suite,Interview Guide Prompt Suite,prompt,prompt_suite,Chained prompts for structured interview question generation and evaluation rubrics,https://placehold.co/1200x800/1F4D3A/F0FFF7.png?text=Interview%20Guide%20Prompt%20Suite,29,39,26,10,Now $29,Was $39,Save $10 (26% off),MOFU,hr | interviewing | recruiting | evaluation | hiring,openai | anthropic | cursor,N,,none,none,low,General,N,,,,N,N,N,draft,https://app.agentassets.io/products/prompt-interview-guide-suite,,https://app.agentassets.io/success?product_id=AA-PRM-HRE-INTERVIEW-SUITE-084,https://app.agentassets.io/success?product_id=AA-PRM-HRE-INTERVIEW-SUITE-084#downloads,AA-PRM-HRE-INTERVIEW-SUITE-084,https://api.agentassets.io/checkout/session,https://api.agentassets.io/downloads/signed-url,https://api.agentassets.io/disclosures/acknowledge,Buy Now,
AA-SKL-HRE-SCREENINGPRO-085,skill-candidate-screening-pro,Candidate Screening Skill,skill,tool_call_spec,"Structured skill for CV parsing, requirement matching, and shortlist generation",https://placehold.co/1200x800/1F4D3A/F0FFF7.png?text=Candidate%20Screening%20Skill,99,129,23,30,Now $99,Was $129,Save $30 (23% off),MOFU,hr | screening | recruiting | cv | ats,openai | anthropic | langchain,N,,none,none,low,General,N,,,,N,N,N,draft,https://app.agentassets.io/products/skill-candidate-screening-pro,,https://app.agentassets.io/success?product_id=AA-SKL-HRE-SCREENINGPRO-085,https://app.agentassets.io/success?product_id=AA-SKL-HRE-SCREENINGPRO-085#downloads,AA-SKL-HRE-SCREENINGPRO-085,https://api.agentassets.io/checkout/session,https://api.agentassets.io/downloads/signed-url,https://api.agentassets.io/disclosures/acknowledge,Buy Now,
AA-SKL-HRE-PERFREV-PRO-086,skill-performance-review-pro,Performance Review Skill,skill,workflow_skill,Skill for drafting structured performance reviews from manager notes and goal data,https://placehold.co/1200x800/1F4D3A/F0FFF7.png?text=Performance%20Review%20Skill,89,119,25,30,Now $89,Was $119,Save $30 (25% off),MOFU,hr | performance review | feedback | goals | okr,openai | anthropic,N,,none,none,low,General,N,,,,N,N,N,draft,https://app.agentassets.io/products/skill-performance-review-pro,,https://app.agentassets.io/success?product_id=AA-SKL-HRE-PERFREV-PRO-086,https://app.agentassets.io/success?product_id=AA-SKL-HRE-PERFREV-PRO-086#downloads,AA-SKL-HRE-PERFREV-PRO-086,https://api.agentassets.io/checkout/session,https://api.agentassets.io/downloads/signed-url,https://api.agentassets.io/disclosures/acknowledge,Buy Now,
AA-AGT-HRE-ONBOARD-PRO-087,agent-employee-onboarding-pro,Employee Onboarding Agent,agent,workflow_agent,"Guides new hires through onboarding: policy docs, team intros, tool setup, and check-ins",https://placehold.co/1200x800/1F4D3A/F0FFF7.png?text=Employee%20Onboarding%20Agent,449,599,25,150,Now $449,Was $599,Save $150 (25% off),BOFU,hr | onboarding | employee experience | automation,openai | anthropic | langchain,N,,none,none,low,General,N,,,,N,N,N,draft,https://app.agentassets.io/products/agent-employee-onboarding-pro,,https://app.agentassets.io/success?product_id=AA-AGT-HRE-ONBOARD-PRO-087,https://app.agentassets.io/success?product_id=AA-AGT-HRE-ONBOARD-PRO-087#downloads,AA-AGT-HRE-ONBOARD-PRO-087,https://api.agentassets.io/checkout/session,https://api.agentassets.io/downloads/signed-url,https://api.agentassets.io/disclosures/acknowledge,Buy Now,
AA-AGT-HRE-RECRUIT-PRO-088,agent-recruiting-ops-pro,Recruiting Ops Agent,agent,vertical_agent,"End-to-end recruiting agent: sourcing, screening, scheduling, and offer generation",https://placehold.co/1200x800/1F4D3A/F0FFF7.png?text=Recruiting%20Ops%20Agent,599,799,25,200,Now $599,Was $799,Save $200 (25% off),BOFU,hr | recruiting | talent acquisition | sourcing | scheduling,openai | anthropic | langchain,N,,none,none,low,General,N,,,,N,N,N,draft,https://app.agentassets.io/products/agent-recruiting-ops-pro,,https://app.agentassets.io/success?product_id=AA-AGT-HRE-RECRUIT-PRO-088,https://app.agentassets.io/success?product_id=AA-AGT-HRE-RECRUIT-PRO-088#downloads,AA-AGT-HRE-RECRUIT-PRO-088,https://api.agentassets.io/checkout/session,https://api.agentassets.io/downloads/signed-url,https://api.agentassets.io/disclosures/acknowledge,Buy Now,
AA-UTL-HRE-HRSCHEMA-CORE-089,utility-hr-data-schema-core,HR Data Schema Pack,utility,json_schema_pack,"JSON schemas for employees, roles, compensation bands, and performance cycles",https://placehold.co/1200x800/1F4D3A/F0FFF7.png?text=HR%20Data%20Schema%20Pack,69,89,22,20,Now $69,Was $89,Save $20 (22% off),MOFU,hr | json schema | data model | hris | compensation,openai | anthropic | langchain,N,,none,none,low,General,N,,,,N,N,N,draft,https://app.agentassets.io/products/utility-hr-data-schema-core,,https://app.agentassets.io/success?product_id=AA-UTL-HRE-HRSCHEMA-CORE-089,https://app.agentassets.io/success?product_id=AA-UTL-HRE-HRSCHEMA-CORE-089#downloads,AA-UTL-HRE-HRSCHEMA-CORE-089,https://api.agentassets.io/checkout/session,https://api.agentassets.io/downloads/signed-url,https://api.agentassets.io/disclosures/acknowledge,Buy Now,
AA-UTL-HRE-POLICYTPL-CORE-090,utility-hr-policy-templates,HR Policy Templates,utility,memory_templates,"Structured Markdown templates for PTO, remote work, code of conduct, and review policies",https://placehold.co/1200x800/1F4D3A/F0FFF7.png?text=HR%20Policy%20Templates,59,79,25,20,Now $59,Was $79,Save $20 (25% off),MOFU,hr | policy | templates | documentation | compliance,openai | anthropic,N,,none,none,low,General,N,,,,N,N,N,draft,https://app.agentassets.io/products/utility-hr-policy-templates,,https://app.agentassets.io/success?product_id=AA-UTL-HRE-POLICYTPL-CORE-090,https://app.agentassets.io/success?product_id=AA-UTL-HRE-POLICYTPL-CORE-090#downloads,AA-UTL-HRE-POLICYTPL-CORE-090,https://api.agentassets.io/checkout/session,https://api.agentassets.io/downloads/signed-url,https://api.agentassets.io/disclosures/acknowledge,Buy Now,
AA-DOC-HRE-PLAYBOOK-CORE-091,doc-hr-ai-playbook,HR AI Playbook,doc,playbook,"Guide for deploying AI in HR: recruiting automation, performance reviews, and compliance",https://placehold.co/1200x800/1F4D3A/F0FFF7.png?text=HR%20AI%20Playbook,49,69,29,20,Now $49,Was $69,Save $20 (29% off),TOFU,hr | playbook | ai | automation | talent,openai | anthropic,N,,none,none,low,General,N,,,,N,N,N,draft,https://app.agentassets.io/products/doc-hr-ai-playbook,,https://app.agentassets.io/success?product_id=AA-DOC-HRE-PLAYBOOK-CORE-091,https://app.agentassets.io/success?product_id=AA-DOC-HRE-PLAYBOOK-CORE-091#downloads,AA-DOC-HRE-PLAYBOOK-CORE-091,https://api.agentassets.io/checkout/session,https://api.agentassets.io/downloads/signed-url,https://api.agentassets.io/disclosures/acknowledge,Buy Now,
AA-PRM-HRE-ENGAGEMENT-BASE-092,prompt-employee-engagement-base,Employee Engagement Prompt Pack,prompt,prompt_pack,"Prompts for pulse surveys, recognition messages, and team communication templates",https://placehold.co/1200x800/1F4D3A/F0FFF7.png?text=Employee%20Engagement%20Prompt%20Pack,19,29,34,10,Now $19,Was $29,Save $10 (34% off),TOFU,hr | engagement | employee | culture | communication,openai | anthropic | cursor,N,,none,none,low,General,N,,,,N,N,N,draft,https://app.agentassets.io/products/prompt-employee-engagement-base,,https://app.agentassets.io/success?product_id=AA-PRM-HRE-ENGAGEMENT-BASE-092,https://app.agentassets.io/success?product_id=AA-PRM-HRE-ENGAGEMENT-BASE-092#downloads,AA-PRM-HRE-ENGAGEMENT-BASE-092,https://api.agentassets.io/checkout/session,https://api.agentassets.io/downloads/signed-url,https://api.agentassets.io/disclosures/acknowledge,Buy Now,
