product_id,slug,name,short_desc,long_desc,category,subcategory,tags_keywords,format,file_count,included_files,size_estimate,version,changelog,release_date,compatibility,dependencies,license_type,seats,redistribution_policy,price_usd,compare_at_price,cost_basis,discount_eligibility,bundle_id,bundle_role,upsell_targets,cross_sell_targets,status,last_updated,owner,support_level,support_docs_link,demo_link,sample_available,sample_link,primary_keyword,secondary_keywords,intent,lead_magnet,email_capture_required,landing_page_type,execution_mode,market_type,risk_level,disclosure_required
AA-PRM-GEN-IDEATION-BASE-001,prompt-ideation-base,Ideation Prompt Pack,Fast ideation prompts for agent tasks,Prompt pack for structured brainstorming and task framing,prompt,prompt_pack,generalist;ideation;prompt,md,12,prompts.md;templates.md,1.2MB,1.0.0,/changelog/AA-PRM-GEN-IDEATION-BASE-001,2026-02-22,openai;anthropic;cursor,none,commercial,3,no_redistribution,19,29,2,all,AA-BND-GEN-STARTER-STD-043,core,AA-SKL-GEN-TOOLROUTER-CORE-013,AA-UTL-GEN-MEMORYTEMPLATES-CORE-034,draft,2026-02-22T12:00:00Z,catalog-team,email,https://agentassets.io/docs/prompt-ideation-base,https://agentassets.io/demo/prompt-ideation-base,Y,https://agentassets.io/sample/prompt-ideation-base,agent prompt pack,ai prompts;workflow prompts,TOFU,Y,Y,library,none,none,low,N
AA-PRM-GEN-SYSTEMCHAIN-PRO-002,prompt-system-chain,System Chain Prompt Suite,Multi-role chain prompts for workflows,Prompt suite with planner executor and critic patterns,prompt,prompt_suite,generalist;chain;system prompts,md,18,system_chain.md;handoff_templates.md,1.8MB,1.0.0,/changelog/AA-PRM-GEN-SYSTEMCHAIN-PRO-002,2026-02-22,openai;anthropic;langchain,none,commercial,3,no_redistribution,29,39,3,all,AA-BND-GEN-BUILDERKIT-PRO-044,core,AA-SKL-GEN-IOVALIDATE-CORE-014,AA-UTL-GEN-JSONSCHEMAPACK-CORE-032,draft,2026-02-22T12:00:00Z,catalog-team,email,https://agentassets.io/docs/prompt-system-chain,https://agentassets.io/demo/prompt-system-chain,N,,system prompt suite,prompt chains;multi role prompts,MOFU,N,N,product,none,none,low,N
AA-PRM-MKT-CAMPAIGN-SUITE-003,prompt-marketing-campaign-suite,Marketing Campaign Prompt Suite,Campaign planning prompts for teams,Prompts for campaign ideation calendar and copy scaffolds,prompt,prompt_suite,marketing;campaign;prompts,md,16,campaign_prompts.md;calendar_templates.md,1.6MB,1.0.0,/changelog/AA-PRM-MKT-CAMPAIGN-SUITE-003,2026-02-22,openai;anthropic;cursor,none,commercial,5,no_redistribution,29,49,4,all,AA-BND-MKT-VERTICAL-PRO-045,core,AA-SKL-MKT-CONTENTPIPE-PRO-016,AA-DOC-MKT-PLAYBOOK-CORE-041,draft,2026-02-22T12:00:00Z,catalog-team,email,https://agentassets.io/docs/prompt-marketing-campaign-suite,https://agentassets.io/demo/prompt-marketing-campaign-suite,Y,https://agentassets.io/sample/prompt-marketing-campaign-suite,marketing prompt suite,campaign prompts;content calendar prompt,MOFU,Y,Y,library,none,none,low,N
AA-PRM-MKT-COPYTEST-PACK-004,prompt-copy-test-pack,Copy Testing Prompt Pack,Prompt pack for message and offer testing,Prompts to generate and score copy variants for experiments,prompt,prompt_pack,marketing;copy testing;prompts,md,11,copytest_prompts.md;scorecards.md,1.0MB,1.0.0,/changelog/AA-PRM-MKT-COPYTEST-PACK-004,2026-02-22,openai;anthropic,none,commercial,5,no_redistribution,19,29,2,all,AA-BND-MKT-VERTICAL-PRO-045,add_on,AA-SKL-MKT-BRIEFSCORING-PRO-017,AA-PRM-MKT-SEOCLUSTER-SUITE-005,draft,2026-02-22T12:00:00Z,catalog-team,email,https://agentassets.io/docs/prompt-copy-test-pack,https://agentassets.io/demo/prompt-copy-test-pack,Y,https://agentassets.io/sample/prompt-copy-test-pack,copy testing prompts,offer testing prompts;ad copy prompts,TOFU,Y,Y,library,none,none,low,N
AA-PRM-MKT-SEOCLUSTER-SUITE-005,prompt-seo-cluster-suite,SEO Cluster Prompt Suite,SEO planning prompts with cluster maps,Prompts for keyword clusters outlines and intent mapping,prompt,prompt_suite,marketing;seo;prompts,md,14,seo_cluster_prompts.md;intent_maps.md,1.4MB,1.0.0,/changelog/AA-PRM-MKT-SEOCLUSTER-SUITE-005,2026-02-22,openai;anthropic;langchain,none,commercial,5,no_redistribution,29,49,4,all,AA-BND-MKT-VERTICAL-PRO-045,core,AA-AGT-MKT-SEOAUTOPLAN-PRO-025,AA-DOC-MKT-PLAYBOOK-CORE-041,draft,2026-02-22T12:00:00Z,catalog-team,email,https://agentassets.io/docs/prompt-seo-cluster-suite,https://agentassets.io/demo/prompt-seo-cluster-suite,N,,seo prompt suite,seo prompts;keyword cluster prompts,MOFU,N,N,product,none,none,low,N
AA-PRM-SUP-TICKETTRIAGE-PACK-006,prompt-ticket-triage-pack,Ticket Triage Prompt Pack,Support ticket routing prompts,Prompt templates for triage prioritization and category routing,prompt,prompt_pack,support ops;ticket triage;prompts,md,12,ticket_triage_prompts.md;routing_rules.md,1.1MB,1.0.0,/changelog/AA-PRM-SUP-TICKETTRIAGE-PACK-006,2026-02-22,openai;anthropic;cursor,none,commercial,5,no_redistribution,19,29,2,all,AA-BND-SUP-VERTICAL-PRO-046,core,AA-SKL-SUP-SLAAUTOMATION-PRO-018,AA-DOC-SUP-PLAYBOOK-CORE-042,draft,2026-02-22T12:00:00Z,catalog-team,email,https://agentassets.io/docs/prompt-ticket-triage-pack,https://agentassets.io/demo/prompt-ticket-triage-pack,Y,https://agentassets.io/sample/prompt-ticket-triage-pack,ticket triage prompts,support prompt pack;helpdesk prompts,MOFU,Y,Y,library,none,none,low,N
AA-PRM-SUP-KBWRITE-PACK-007,prompt-kb-write-pack,Knowledge Base Writing Prompts,Prompts for support article drafting,Prompt templates for article generation and update workflows,prompt,prompt_pack,support ops;knowledge base;prompts,md,10,kb_write_prompts.md;update_templates.md,0.9MB,1.0.0,/changelog/AA-PRM-SUP-KBWRITE-PACK-007,2026-02-22,openai;anthropic,none,commercial,5,no_redistribution,19,29,2,all,AA-BND-SUP-VERTICAL-PRO-046,add_on,AA-SKL-SUP-ESCALATIONFLOW-PRO-019,AA-PRM-SUP-TICKETTRIAGE-PACK-006,draft,2026-02-22T12:00:00Z,catalog-team,email,https://agentassets.io/docs/prompt-kb-write-pack,https://agentassets.io/demo/prompt-kb-write-pack,Y,https://agentassets.io/sample/prompt-kb-write-pack,knowledge base prompts,help center prompts;support docs prompts,TOFU,Y,Y,library,none,none,low,N
AA-PRM-GEN-AGENTHANDOFF-CHAIN-008,prompt-agent-handoff-chain,Agent Handoff Prompt Chain,Prompt chain for multi-agent handoffs,Structured handoff prompts with state and guardrails,prompt,prompt_chain,generalist;handoff;prompt chain,md,15,handoff_chain.md;state_templates.md,1.5MB,1.0.0,/changelog/AA-PRM-GEN-AGENTHANDOFF-CHAIN-008,2026-02-22,openai;anthropic;langchain,none,commercial,3,no_redistribution,29,39,3,all,AA-BND-GEN-BUILDERKIT-PRO-044,core,AA-SKL-GEN-ERRORRETRY-CORE-015,AA-UTL-GEN-GUARDRAILSYAML-CORE-033,draft,2026-02-22T12:00:00Z,catalog-team,email,https://agentassets.io/docs/prompt-agent-handoff-chain,https://agentassets.io/demo/prompt-agent-handoff-chain,N,,agent handoff prompts,multi agent prompt chain;handoff templates,MOFU,N,N,product,none,none,med,N
AA-PRM-TRD-MARKETTHESIS-PRO-009,prompt-trading-market-thesis,Market Thesis Prompt Pack,Prompts for market hypothesis building,Research prompts for events thesis probability and scenario trees,prompt,prompt_pack,trading;prediction market;research prompts,md,14,market_thesis_prompts.md;scenario_tree.md,1.6MB,1.0.0,/changelog/AA-PRM-TRD-MARKETTHESIS-PRO-009,2026-02-22,openai;anthropic;cursor,news_api;market_data_api,commercial,5,no_redistribution,29,49,5,all,AA-BND-TRD-PREDICTION-STD-047,core,AA-SKL-TRD-DATANORMALIZE-PRO-020,AA-UTL-TRD-MARKETSCHEMAS-PRO-037,draft,2026-02-22T12:00:00Z,catalog-team,priority,https://agentassets.io/docs/prompt-trading-market-thesis,https://agentassets.io/demo/prompt-trading-market-thesis,Y,https://agentassets.io/sample/prompt-trading-market-thesis,prediction market prompts,event trading prompts;market thesis prompts,TOFU,Y,Y,library,research,prediction,med,N
AA-PRM-TRD-EVENTSIGNAL-PRO-010,prompt-trading-event-signal,Event Driven Signal Prompt Suite,Prompts for event based signal extraction,Prompt suite for extracting signals from news and market reaction,prompt,prompt_suite,trading;signal;event driven prompts,md,16,event_signal_prompts.md;signal_scorecards.md,1.7MB,1.0.0,/changelog/AA-PRM-TRD-EVENTSIGNAL-PRO-010,2026-02-22,openai;anthropic;langchain,news_api;market_data_api,commercial,5,no_redistribution,39,59,6,all,AA-BND-TRD-SYSTEMS-PRO-048,core,AA-SKL-TRD-STRATEGYIO-PRO-021,AA-AGT-TRD-SIGNALENGINE-PRO-028,draft,2026-02-22T12:00:00Z,catalog-team,priority,https://agentassets.io/docs/prompt-trading-event-signal,https://agentassets.io/demo/prompt-trading-event-signal,N,,event signal prompts,signal prompt suite;market event prompts,MOFU,N,N,product,research,hybrid,med,N
AA-PRM-TRD-TRADEPLAN-PRO-011,prompt-trading-trade-plan,Trade Plan Prompt Chain,Prompt chain for trade plan and execution notes,Prompts for setup entry exit and post-trade review,prompt,prompt_chain,trading;trade plan;prompt chain,md,15,trade_plan_chain.md;review_templates.md,1.5MB,1.0.0,/changelog/AA-PRM-TRD-TRADEPLAN-PRO-011,2026-02-22,openai;anthropic;cursor,market_data_api,commercial,5,no_redistribution,39,59,6,all,AA-BND-TRD-SYSTEMS-PRO-048,core,AA-SKL-TRD-RISKCHECK-PRO-022,AA-UTL-TRD-RISKPOLICYKIT-PRO-038,draft,2026-02-22T12:00:00Z,catalog-team,priority,https://agentassets.io/docs/prompt-trading-trade-plan,https://agentassets.io/demo/prompt-trading-trade-plan,N,,trade plan prompts,trade planning prompt chain;risk planning prompts,BOFU,N,N,product,research,crypto_perps,med,N
AA-PRM-TRD-RISKJOURNAL-PRO-012,prompt-trading-risk-journal,Risk Journal Prompt Pack,Prompts for risk review and journaling,Prompt templates for position review and discipline checks,prompt,prompt_pack,trading;risk journaling;prompts,md,12,risk_journal_prompts.md;journal_templates.md,1.1MB,1.0.0,/changelog/AA-PRM-TRD-RISKJOURNAL-PRO-012,2026-02-22,openai;anthropic,none,commercial,5,no_redistribution,29,49,4,all,AA-BND-TRD-PREDICTION-STD-047,add_on,AA-SKL-TRD-RISKCHECK-PRO-022,AA-AGT-TRD-POSTTRADEANALYTICS-PRO-031,draft,2026-02-22T12:00:00Z,catalog-team,email,https://agentassets.io/docs/prompt-trading-risk-journal,https://agentassets.io/demo/prompt-trading-risk-journal,Y,https://agentassets.io/sample/prompt-trading-risk-journal,trading risk prompts,trade journal prompts;risk review prompts,TOFU,Y,Y,library,research,hybrid,med,N
AA-SKL-GEN-TOOLROUTER-CORE-013,skill-tool-router,Tool Router Skill Module,Tool call routing skill for agent workflows,Skill module for deterministic tool selection and routing fallback,skill,tool_call_spec,generalist;tool routing;skill,md,8,SKILL.md;io_schema.json;tests.md,1.9MB,1.0.0,/changelog/AA-SKL-GEN-TOOLROUTER-CORE-013,2026-02-22,openai;anthropic;cursor;langchain,runtime_node,commercial,5,no_redistribution,89,129,12,all,AA-BND-GEN-BUILDERKIT-PRO-044,core,AA-SKL-GEN-IOVALIDATE-CORE-014,AA-UTL-GEN-JSONSCHEMAPACK-CORE-032,draft,2026-02-22T12:00:00Z,catalog-team,priority,https://agentassets.io/docs/skill-tool-router,https://agentassets.io/demo/skill-tool-router,N,,tool routing skill,agent tool router;skill md module,BOFU,N,N,product,none,none,low,N
AA-SKL-GEN-IOVALIDATE-CORE-014,skill-io-validate,IO Validation Skill Module,Schema driven input and output validation,Skill module with strict contracts and coercion rules,skill,io_schema,generalist;validation;skill,md;json,10,SKILL.md;input_schema.json;output_schema.json,2.1MB,1.0.0,/changelog/AA-SKL-GEN-IOVALIDATE-CORE-014,2026-02-22,openai;anthropic;cursor;langchain,ajv,commercial,5,no_redistribution,99,149,15,all,AA-BND-GEN-BUILDERKIT-PRO-044,core,AA-SKL-GEN-ERRORRETRY-CORE-015,AA-UTL-GEN-JSONSCHEMAPACK-CORE-032,draft,2026-02-22T12:00:00Z,catalog-team,priority,https://agentassets.io/docs/skill-io-validate,https://agentassets.io/demo/skill-io-validate,N,,io validation skill,input output schema skill;agent validation,BOFU,N,N,product,none,none,low,N
AA-SKL-GEN-ERRORRETRY-CORE-015,skill-error-retry,Error Retry Skill Module,Retry timeout and fallback patterns,Skill module for resilient execution and failure recovery,skill,error_handling,generalist;error handling;retry,md;yaml,9,SKILL.md;retry_policy.yaml;tests.md,1.8MB,1.0.1,/changelog/AA-SKL-GEN-ERRORRETRY-CORE-015,2026-02-22,openai;anthropic;langchain,none,commercial,5,no_redistribution,89,139,13,all,AA-BND-GEN-BUILDERKIT-PRO-044,core,AA-AGT-GEN-WORKFLOWORCH-PRO-027,AA-UTL-GEN-GUARDRAILSYAML-CORE-033,draft,2026-02-22T12:00:00Z,catalog-team,priority,https://agentassets.io/docs/skill-error-retry,https://agentassets.io/demo/skill-error-retry,N,,error handling skill,retry policy skill;agent resilience module,BOFU,N,N,product,none,none,med,N
AA-SKL-MKT-CONTENTPIPE-PRO-016,skill-marketing-content-pipeline,Content Pipeline Skill,Marketing content workflow skill with scoring,Skill module for briefs generation scoring and publication gates,skill,workflow_skill,marketing;content pipeline;skill,md;json;yaml,11,SKILL.md;pipeline_schema.json;guardrails.yaml,2.4MB,1.0.0,/changelog/AA-SKL-MKT-CONTENTPIPE-PRO-016,2026-02-22,openai;anthropic;cursor;langchain,cms_api,commercial,10,no_redistribution,129,189,20,all,AA-BND-MKT-VERTICAL-PRO-045,core,AA-AGT-MKT-CONTENTOPS-PRO-024,AA-DOC-MKT-PLAYBOOK-CORE-041,draft,2026-02-22T12:00:00Z,catalog-team,priority,https://agentassets.io/docs/skill-marketing-content-pipeline,https://agentassets.io/demo/skill-marketing-content-pipeline,N,,marketing skill module,content workflow skill;campaign ops skill,BOFU,N,N,product,none,none,med,N
AA-SKL-MKT-BRIEFSCORING-PRO-017,skill-marketing-brief-scoring,Brief Scoring Skill,Quality scoring skill for marketing briefs,Skill module for brief completeness clarity and risk scoring,skill,io_schema,marketing;brief scoring;skill,md;json,8,SKILL.md;brief_score_schema.json,1.7MB,1.0.0,/changelog/AA-SKL-MKT-BRIEFSCORING-PRO-017,2026-02-22,openai;anthropic;cursor,none,commercial,10,no_redistribution,79,119,10,all,AA-BND-MKT-VERTICAL-PRO-045,add_on,AA-SKL-MKT-CONTENTPIPE-PRO-016,AA-PRM-MKT-COPYTEST-PACK-004,draft,2026-02-22T12:00:00Z,catalog-team,email,https://agentassets.io/docs/skill-marketing-brief-scoring,https://agentassets.io/demo/skill-marketing-brief-scoring,Y,https://agentassets.io/sample/skill-marketing-brief-scoring,brief scoring skill,marketing quality scoring;brief validator skill,MOFU,Y,Y,library,none,none,low,N
AA-SKL-SUP-SLAAUTOMATION-PRO-018,skill-support-sla-automation,SLA Automation Skill,Support SLA timer and breach handling skill,Skill module for SLA clocks escalations and notifications,skill,workflow_skill,support ops;sla;skill,md;yaml,10,SKILL.md;sla_policy.yaml;tests.md,2.2MB,1.0.0,/changelog/AA-SKL-SUP-SLAAUTOMATION-PRO-018,2026-02-22,openai;anthropic;cursor;langchain,helpdesk_api,commercial,10,no_redistribution,109,159,17,all,AA-BND-SUP-VERTICAL-PRO-046,core,AA-SKL-SUP-ESCALATIONFLOW-PRO-019,AA-AGT-SUP-TICKETAUTOPILOT-PRO-026,draft,2026-02-22T12:00:00Z,catalog-team,priority,https://agentassets.io/docs/skill-support-sla-automation,https://agentassets.io/demo/skill-support-sla-automation,N,,sla automation skill,support sla skill;ticket automation skill,BOFU,N,N,product,none,none,med,N
AA-SKL-SUP-ESCALATIONFLOW-PRO-019,skill-support-escalation-flow,Escalation Flow Skill,Escalation logic with guardrails,Skill module for escalation triggers approvals and handoffs,skill,error_handling,support ops;escalation;skill,md;yaml,9,SKILL.md;escalation_rules.yaml,1.9MB,1.0.0,/changelog/AA-SKL-SUP-ESCALATIONFLOW-PRO-019,2026-02-22,openai;anthropic;cursor,helpdesk_api,commercial,10,no_redistribution,99,149,15,all,AA-BND-SUP-VERTICAL-PRO-046,core,AA-AGT-SUP-TICKETAUTOPILOT-PRO-026,AA-PRM-SUP-TICKETTRIAGE-PACK-006,draft,2026-02-22T12:00:00Z,catalog-team,priority,https://agentassets.io/docs/skill-support-escalation-flow,https://agentassets.io/demo/skill-support-escalation-flow,N,,support escalation skill,escalation workflow skill;support guardrails,BOFU,N,N,product,none,none,med,N
AA-SKL-TRD-DATANORMALIZE-PRO-020,skill-trading-data-normalize,Trading Data Normalize Skill,Normalize market and event data feeds,Skill module for harmonizing symbols contracts and timestamps,skill,io_schema,trading;data normalization;skill,md;json,11,SKILL.md;market_data_schema.json;tests.md,2.6MB,1.0.0,/changelog/AA-SKL-TRD-DATANORMALIZE-PRO-020,2026-02-22,openai;anthropic;langchain,market_data_api;news_api,commercial,10,no_redistribution,149,219,24,all,AA-BND-TRD-PREDICTION-STD-047,core,AA-SKL-TRD-STRATEGYIO-PRO-021,AA-UTL-TRD-MARKETSCHEMAS-PRO-037,draft,2026-02-22T12:00:00Z,catalog-team,priority,https://agentassets.io/docs/skill-trading-data-normalize,https://agentassets.io/demo/skill-trading-data-normalize,N,,trading data normalization,market data skill;prediction market schema skill,BOFU,N,N,product,research,hybrid,med,N
AA-SKL-TRD-STRATEGYIO-PRO-021,skill-trading-strategy-io,Strategy IO Skill,Structured strategy input and output schemas,Skill module for strategy definitions and execution intents,skill,io_schema,trading;strategy io;skill,md;json,10,SKILL.md;strategy_input_schema.json;strategy_output_schema.json,2.4MB,1.0.0,/changelog/AA-SKL-TRD-STRATEGYIO-PRO-021,2026-02-22,openai;anthropic;langchain,market_data_api,commercial,10,no_redistribution,169,249,27,all,AA-BND-TRD-SYSTEMS-PRO-048,core,AA-SKL-TRD-RISKCHECK-PRO-022,AA-AGT-TRD-SIGNALENGINE-PRO-028,draft,2026-02-22T12:00:00Z,catalog-team,priority,https://agentassets.io/docs/skill-trading-strategy-io,https://agentassets.io/demo/skill-trading-strategy-io,N,,trading strategy schema skill,trade action schema;signal interface skill,BOFU,N,N,product,research,crypto_perps,med,N
AA-SKL-TRD-RISKCHECK-PRO-022,skill-trading-risk-check,Risk Check Skill,Risk controls for signal and order validation,Skill module enforcing limits stop rules and circuit breakers,skill,error_handling,trading;risk controls;skill,md;yaml;json,12,SKILL.md;risk_profile.yaml;trade_action_schema.json,2.8MB,1.0.0,/changelog/AA-SKL-TRD-RISKCHECK-PRO-022,2026-02-22,openai;anthropic;langchain,market_data_api;risk_engine,commercial,10,no_redistribution,189,279,31,all,AA-BND-TRD-SYSTEMS-PRO-048,core,AA-SKL-TRD-EXECADAPTER-PRO-023,AA-UTL-TRD-RISKPOLICYKIT-PRO-038,draft,2026-02-22T12:00:00Z,catalog-team,priority,https://agentassets.io/docs/skill-trading-risk-check,https://agentassets.io/demo/skill-trading-risk-check,N,,trading risk check skill,position risk skill;circuit breaker skill,BOFU,N,N,product,research,hybrid,high,Y
AA-SKL-TRD-EXECADAPTER-PRO-023,skill-trading-execution-adapter,Execution Adapter Skill,Connector skill for paper and live execution,Skill module for venue adapters routing and failover behavior,skill,tool_call_spec,trading;execution adapter;skill,md;json;yaml,13,SKILL.md;connector_map.json;fallback_rules.yaml,3.0MB,1.0.0,/changelog/AA-SKL-TRD-EXECADAPTER-PRO-023,2026-02-22,openai;anthropic;langchain,exchange_api;prediction_market_api,commercial,10,no_redistribution,199,299,35,all,AA-BND-TRD-SYSTEMS-PRO-048,core,AA-AGT-TRD-LIVECOORD-PRO-030,AA-UTL-TRD-RISKPOLICYKIT-PRO-038,draft,2026-02-22T12:00:00Z,catalog-team,priority,https://agentassets.io/docs/skill-trading-execution-adapter,https://agentassets.io/demo/skill-trading-execution-adapter,N,,execution adapter skill,live trading connector skill;order routing skill,BOFU,N,N,product,live,hybrid,high,Y
AA-AGT-MKT-CONTENTOPS-PRO-024,agent-marketing-content-ops,Content Ops Agent,Packaged marketing operations agent,Agent package for planning drafting reviewing and publishing,agent,workflow_agent,marketing;agent;content ops,mixed,24,agent_config.yaml;tests.md;deploy.md;templates/,8.5MB,1.0.0,/changelog/AA-AGT-MKT-CONTENTOPS-PRO-024,2026-02-22,openai;anthropic;langchain,cms_api;scheduler,commercial,10,no_redistribution,499,699,95,all,AA-BND-MKT-VERTICAL-PRO-045,core,AA-BND-GEN-PROSUITE-ELT-049,AA-SKL-MKT-CONTENTPIPE-PRO-016,draft,2026-02-22T12:00:00Z,catalog-team,priority,https://agentassets.io/docs/agent-marketing-content-ops,https://agentassets.io/demo/agent-marketing-content-ops,N,,marketing agent package,content ops agent;marketing automation agent,BOFU,N,N,product,none,none,med,N
AA-AGT-MKT-SEOAUTOPLAN-PRO-025,agent-marketing-seo-autoplan,SEO Autoplan Agent,Agent for SEO planning and cluster execution,Agent package for topic planning internal links and outline generation,agent,task_agent,marketing;seo agent;planning,mixed,20,agent_config.yaml;tests.md;deploy.md;prompts/,7.4MB,1.0.0,/changelog/AA-AGT-MKT-SEOAUTOPLAN-PRO-025,2026-02-22,openai;anthropic;langchain,seo_api;cms_api,commercial,10,no_redistribution,399,599,80,all,AA-BND-MKT-VERTICAL-PRO-045,core,AA-BND-GEN-PROSUITE-ELT-049,AA-PRM-MKT-SEOCLUSTER-SUITE-005,draft,2026-02-22T12:00:00Z,catalog-team,priority,https://agentassets.io/docs/agent-marketing-seo-autoplan,https://agentassets.io/demo/agent-marketing-seo-autoplan,N,,seo agent pack,seo automation agent;topic cluster agent,BOFU,N,N,product,none,none,med,N
AA-AGT-SUP-TICKETAUTOPILOT-PRO-026,agent-support-ticket-autopilot,Ticket Autopilot Agent,Agent for support triage and workflow automation,Agent package for ticket intake routing and escalation handling,agent,workflow_agent,support ops;ticket agent;automation,mixed,22,agent_config.yaml;tests.md;deploy.md;playbooks/,8.1MB,1.0.0,/changelog/AA-AGT-SUP-TICKETAUTOPILOT-PRO-026,2026-02-22,openai;anthropic;langchain,helpdesk_api;notification_api,commercial,10,no_redistribution,499,699,92,all,AA-BND-SUP-VERTICAL-PRO-046,core,AA-BND-GEN-PROSUITE-ELT-049,AA-SKL-SUP-SLAAUTOMATION-PRO-018,draft,2026-02-22T12:00:00Z,catalog-team,priority,https://agentassets.io/docs/agent-support-ticket-autopilot,https://agentassets.io/demo/agent-support-ticket-autopilot,N,,support automation agent,ticket triage agent;helpdesk workflow agent,BOFU,N,N,product,none,none,med,N
AA-AGT-GEN-WORKFLOWORCH-PRO-027,agent-workflow-orchestrator,Workflow Orchestrator Agent,General workflow orchestration agent package,Packaged orchestrator for multi-step execution with retry and logging,agent,workflow_agent,generalist;workflow orchestrator;agent,mixed,23,agent_config.yaml;tests.md;deploy.md;runbooks/,8.9MB,1.0.0,/changelog/AA-AGT-GEN-WORKFLOWORCH-PRO-027,2026-02-22,openai;anthropic;cursor;langchain,scheduler;queue,commercial,10,no_redistribution,449,649,88,all,AA-BND-GEN-PROSUITE-ELT-049,core,AA-UTL-GEN-GUARDRAILSYAML-CORE-033,AA-SKL-GEN-ERRORRETRY-CORE-015,draft,2026-02-22T12:00:00Z,catalog-team,priority,https://agentassets.io/docs/agent-workflow-orchestrator,https://agentassets.io/demo/agent-workflow-orchestrator,N,,workflow orchestrator agent,multi step agent;orchestration package,BOFU,N,N,product,none,none,med,N
AA-AGT-TRD-SIGNALENGINE-PRO-028,agent-trading-signal-engine,Signal Engine Agent,Trading signal generation agent package,Agent package for ingestion scoring signal ranking and explanations,agent,vertical_agent,trading;signal engine;agent,mixed,26,agent_config.yaml;strategy_templates/;tests.md;deploy.md,9.6MB,1.0.0,/changelog/AA-AGT-TRD-SIGNALENGINE-PRO-028,2026-02-22,openai;anthropic;langchain,market_data_api;news_api,commercial,10,no_redistribution,699,999,140,all,AA-BND-TRD-SYSTEMS-PRO-048,core,AA-AGT-TRD-PAPERORCH-PRO-029,AA-SKL-TRD-STRATEGYIO-PRO-021,draft,2026-02-22T12:00:00Z,catalog-team,priority,https://agentassets.io/docs/agent-trading-signal-engine,https://agentassets.io/demo/agent-trading-signal-engine,N,,trading signal agent,signal generation agent;market intelligence agent,BOFU,N,N,product,research,hybrid,high,Y
AA-AGT-TRD-PAPERORCH-PRO-029,agent-trading-paper-orchestrator,Paper Trading Orchestrator Agent,Agent for paper trade simulation workflows,Agent package for simulated order flow evaluation and reporting,agent,vertical_agent,trading;paper trading;agent,mixed,27,agent_config.yaml;simulator_templates/;tests.md;deploy.md,10.2MB,1.0.0,/changelog/AA-AGT-TRD-PAPERORCH-PRO-029,2026-02-22,openai;anthropic;langchain,market_data_api;paper_trading_api,commercial,10,no_redistribution,799,1199,165,all,AA-BND-TRD-SYSTEMS-PRO-048,core,AA-AGT-TRD-LIVECOORD-PRO-030,AA-SKL-TRD-RISKCHECK-PRO-022,draft,2026-02-22T12:00:00Z,catalog-team,priority,https://agentassets.io/docs/agent-trading-paper-orchestrator,https://agentassets.io/demo/agent-trading-paper-orchestrator,N,,paper trading agent,simulation agent;paper trade orchestration,BOFU,N,N,product,paper,hybrid,high,Y
AA-AGT-TRD-LIVECOORD-PRO-030,agent-trading-live-coordinator,Live Execution Coordinator Agent,Agent coordinating live order execution safely,Agent package for live venue routing with policy checks and circuit breakers,agent,vertical_agent,trading;live execution;agent,mixed,30,agent_config.yaml;live_runbook.md;tests.md;deploy.md;guardrails/,11.4MB,1.0.0,/changelog/AA-AGT-TRD-LIVECOORD-PRO-030,2026-02-22,openai;anthropic;langchain,exchange_api;prediction_market_api;risk_engine,commercial,10,no_redistribution,999,1399,220,bundle_only,AA-BND-TRD-SYSTEMS-PRO-048;AA-BND-GEN-PROSUITE-ELT-049,core,AA-BND-GEN-ENTERPRISE-CST-050,AA-SKL-TRD-EXECADAPTER-PRO-023,draft,2026-02-22T12:00:00Z,catalog-team,priority,https://agentassets.io/docs/agent-trading-live-coordinator,https://agentassets.io/demo/agent-trading-live-coordinator,N,,live trading agent,live execution coordinator;order routing agent,BOFU,N,N,product,live,hybrid,high,Y
AA-AGT-TRD-POSTTRADEANALYTICS-PRO-031,agent-trading-posttrade-analytics,Post Trade Analytics Agent,Agent for post-trade analysis and journaling,Agent package for pnl attribution review and behavior tracking,agent,vertical_agent,trading;post trade;agent,mixed,24,agent_config.yaml;analysis_templates/;tests.md;deploy.md,8.7MB,1.0.0,/changelog/AA-AGT-TRD-POSTTRADEANALYTICS-PRO-031,2026-02-22,openai;anthropic;langchain,market_data_api;analytics_api,commercial,10,no_redistribution,699,999,140,all,AA-BND-TRD-SYSTEMS-PRO-048,add_on,AA-BND-GEN-PROSUITE-ELT-049,AA-PRM-TRD-RISKJOURNAL-PRO-012,draft,2026-02-22T12:00:00Z,catalog-team,priority,https://agentassets.io/docs/agent-trading-posttrade-analytics,https://agentassets.io/demo/agent-trading-posttrade-analytics,N,,post trade analytics agent,trading analytics agent;journal automation agent,BOFU,N,N,product,research,hybrid,med,N
AA-UTL-GEN-JSONSCHEMAPACK-CORE-032,utility-json-schema-pack,JSON Schema Pack,Reusable schema pack for agent outputs,Library of JSON schema templates and validation examples,utility,json_schema_pack,generalist;json schema;utility,json,20,schemas/;examples/;README.md,2.9MB,1.0.0,/changelog/AA-UTL-GEN-JSONSCHEMAPACK-CORE-032,2026-02-22,openai;anthropic;cursor;langchain,ajv,commercial,10,no_redistribution,79,119,11,all,AA-BND-GEN-BUILDERKIT-PRO-044,core,AA-SKL-GEN-IOVALIDATE-CORE-014,AA-UTL-GEN-GUARDRAILSYAML-CORE-033,draft,2026-02-22T12:00:00Z,catalog-team,email,https://agentassets.io/docs/utility-json-schema-pack,https://agentassets.io/demo/utility-json-schema-pack,Y,https://agentassets.io/sample/utility-json-schema-pack,json schema templates,agent json schema pack;validation schemas,MOFU,Y,Y,library,none,none,low,N
AA-UTL-GEN-GUARDRAILSYAML-CORE-033,utility-guardrails-yaml,Guardrails YAML Kit,Guardrail policies and safety templates,YAML policy templates for execution controls and fallback rules,utility,guardrails_yaml,generalist;guardrails;utility,yaml,18,guardrails/;policy_templates/;README.md,2.5MB,1.0.0,/changelog/AA-UTL-GEN-GUARDRAILSYAML-CORE-033,2026-02-22,openai;anthropic;langchain,none,commercial,10,no_redistribution,89,129,12,all,AA-BND-GEN-BUILDERKIT-PRO-044,core,AA-SKL-GEN-ERRORRETRY-CORE-015,AA-AGT-GEN-WORKFLOWORCH-PRO-027,draft,2026-02-22T12:00:00Z,catalog-team,email,https://agentassets.io/docs/utility-guardrails-yaml,https://agentassets.io/demo/utility-guardrails-yaml,Y,https://agentassets.io/sample/utility-guardrails-yaml,guardrails yaml templates,safety policy yaml;agent guardrails,MOFU,Y,Y,library,none,none,med,N
AA-UTL-GEN-MEMORYTEMPLATES-CORE-034,utility-memory-templates,Memory Template Library,Memory templates for context persistence,Templates for short term and long term agent memory structures,utility,memory_templates,generalist;memory templates;utility,md;json,15,memory_templates/;examples/;README.md,1.9MB,1.0.0,/changelog/AA-UTL-GEN-MEMORYTEMPLATES-CORE-034,2026-02-22,openai;anthropic;cursor,none,commercial,10,no_redistribution,69,99,9,all,AA-BND-GEN-STARTER-STD-043,add_on,AA-SKL-GEN-TOOLROUTER-CORE-013,AA-PRM-GEN-IDEATION-BASE-001,draft,2026-02-22T12:00:00Z,catalog-team,email,https://agentassets.io/docs/utility-memory-templates,https://agentassets.io/demo/utility-memory-templates,Y,https://agentassets.io/sample/utility-memory-templates,agent memory templates,context memory templates;memory schema library,TOFU,Y,Y,library,none,none,low,N
AA-UTL-MKT-OPENAPIWRAPPER-CORE-035,utility-marketing-openapi-wrapper,Marketing OpenAPI Wrapper Pack,OpenAPI wrapper templates for marketing APIs,Utilities for wrapping external marketing APIs with safe adapters,utility,openapi_wrapper,marketing;openapi wrapper;utility,yaml;json,14,openapi_wrappers/;adapter_templates/;README.md,2.2MB,1.0.0,/changelog/AA-UTL-MKT-OPENAPIWRAPPER-CORE-035,2026-02-22,openai;anthropic;langchain,openapi_tooling,commercial,10,no_redistribution,99,149,15,all,AA-BND-MKT-VERTICAL-PRO-045,add_on,AA-SKL-MKT-CONTENTPIPE-PRO-016,AA-AGT-MKT-CONTENTOPS-PRO-024,draft,2026-02-22T12:00:00Z,catalog-team,email,https://agentassets.io/docs/utility-marketing-openapi-wrapper,https://agentassets.io/demo/utility-marketing-openapi-wrapper,N,,openapi wrapper templates,marketing api wrappers;agent api adapters,MOFU,N,N,product,none,none,med,N
AA-UTL-SUP-POLICYTEMPLATES-CORE-036,utility-support-policy-templates,Support Policy Template Kit,Policy templates for support workflows,Templates for SLA escalation and compliance handling in support workflows,utility,guardrails_yaml,support ops;policy templates;utility,yaml;md,13,support_policies/;templates/;README.md,2.0MB,1.0.0,/changelog/AA-UTL-SUP-POLICYTEMPLATES-CORE-036,2026-02-22,openai;anthropic;cursor,none,commercial,10,no_redistribution,89,129,12,all,AA-BND-SUP-VERTICAL-PRO-046,add_on,AA-SKL-SUP-ESCALATIONFLOW-PRO-019,AA-AGT-SUP-TICKETAUTOPILOT-PRO-026,draft,2026-02-22T12:00:00Z,catalog-team,email,https://agentassets.io/docs/utility-support-policy-templates,https://agentassets.io/demo/utility-support-policy-templates,N,,support policy templates,sla policy templates;support guardrails,MOFU,N,N,product,none,none,med,N
AA-UTL-TRD-MARKETSCHEMAS-PRO-037,utility-trading-market-schemas,Market Schema Pack,Prediction and trading market schema library,Schemas for contracts odds order books and event metadata,utility,json_schema_pack,trading;market schemas;utility,json,22,market_schemas/;examples/;README.md,3.3MB,1.0.0,/changelog/AA-UTL-TRD-MARKETSCHEMAS-PRO-037,2026-02-22,openai;anthropic;langchain,market_data_api,commercial,10,no_redistribution,129,189,21,all,AA-BND-TRD-PREDICTION-STD-047;AA-BND-TRD-SYSTEMS-PRO-048,core,AA-SKL-TRD-DATANORMALIZE-PRO-020,AA-SKL-TRD-STRATEGYIO-PRO-021,draft,2026-02-22T12:00:00Z,catalog-team,priority,https://agentassets.io/docs/utility-trading-market-schemas,https://agentassets.io/demo/utility-trading-market-schemas,Y,https://agentassets.io/sample/utility-trading-market-schemas,market schema pack,prediction market schema;trading json schema,MOFU,Y,Y,library,research,hybrid,med,N
AA-UTL-TRD-RISKPOLICYKIT-PRO-038,utility-trading-risk-policy-kit,Trading Risk Policy Kit,Risk policy templates for paper and live execution,Guardrail templates for position sizing stop rules and kill switches,utility,guardrails_yaml,trading;risk policy;utility,yaml;json,19,risk_policies/;guardrails/;README.md,3.1MB,1.0.0,/changelog/AA-UTL-TRD-RISKPOLICYKIT-PRO-038,2026-02-22,openai;anthropic;langchain,risk_engine,commercial,10,no_redistribution,149,219,24,all,AA-BND-TRD-SYSTEMS-PRO-048;AA-BND-GEN-PROSUITE-ELT-049,core,AA-SKL-TRD-RISKCHECK-PRO-022,AA-AGT-TRD-LIVECOORD-PRO-030,draft,2026-02-22T12:00:00Z,catalog-team,priority,https://agentassets.io/docs/utility-trading-risk-policy-kit,https://agentassets.io/demo/utility-trading-risk-policy-kit,N,,trading risk policy templates,live trading guardrails;risk yaml templates,BOFU,N,N,product,live,hybrid,high,Y
AA-DOC-GEN-AGENTCOOKBOOK-CORE-039,doc-agent-cookbook,Agent Cookbook,Implementation recipes for agent builders,Cookbook with tested patterns for prompts skills and agents,doc,cookbook,generalist;cookbook;docs,md,9,cookbook.md;recipes/;checklists/,1.3MB,1.0.0,/changelog/AA-DOC-GEN-AGENTCOOKBOOK-CORE-039,2026-02-22,openai;anthropic;cursor;langchain,none,commercial,10,no_redistribution,49,79,6,all,AA-BND-GEN-STARTER-STD-043,add_on,AA-BND-GEN-BUILDERKIT-PRO-044,AA-UTL-GEN-JSONSCHEMAPACK-CORE-032,draft,2026-02-22T12:00:00Z,catalog-team,email,https://agentassets.io/docs/doc-agent-cookbook,https://agentassets.io/demo/doc-agent-cookbook,Y,https://agentassets.io/sample/doc-agent-cookbook,agent cookbook,agent best practices;implementation guide,TOFU,Y,Y,post,none,none,low,N
AA-DOC-GEN-COMPATGUIDE-CORE-040,doc-compatibility-guide,Compatibility Guide,Cross platform compatibility reference guide,Guide for adapting assets across model providers and frameworks,doc,guide,generalist;compatibility;docs,md,8,compatibility_guide.md;matrix.csv,1.1MB,1.0.0,/changelog/AA-DOC-GEN-COMPATGUIDE-CORE-040,2026-02-22,openai;anthropic;cursor;langchain,none,commercial,10,no_redistribution,39,59,5,all,AA-BND-GEN-STARTER-STD-043,add_on,AA-DOC-GEN-AGENTCOOKBOOK-CORE-039,AA-SKL-GEN-IOVALIDATE-CORE-014,draft,2026-02-22T12:00:00Z,catalog-team,email,https://agentassets.io/docs/doc-compatibility-guide,https://agentassets.io/demo/doc-compatibility-guide,Y,https://agentassets.io/sample/doc-compatibility-guide,ai compatibility guide,model compatibility matrix;agent stack guide,TOFU,Y,Y,post,none,none,low,N
AA-DOC-MKT-PLAYBOOK-CORE-041,doc-marketing-playbook,Marketing Agent Playbook,Best practices for marketing automation assets,Guide with implementation patterns metrics and governance for marketing,doc,playbook,marketing;playbook;docs,md,10,marketing_playbook.md;templates/,1.6MB,1.0.0,/changelog/AA-DOC-MKT-PLAYBOOK-CORE-041,2026-02-22,openai;anthropic;cursor,none,commercial,10,no_redistribution,69,99,9,all,AA-BND-MKT-VERTICAL-PRO-045,core,AA-AGT-MKT-CONTENTOPS-PRO-024,AA-PRM-MKT-CAMPAIGN-SUITE-003,draft,2026-02-22T12:00:00Z,catalog-team,email,https://agentassets.io/docs/doc-marketing-playbook,https://agentassets.io/demo/doc-marketing-playbook,N,,marketing agent playbook,marketing automation guide;campaign ops playbook,MOFU,N,N,post,none,none,low,N
AA-DOC-SUP-PLAYBOOK-CORE-042,doc-support-playbook,Support Ops Agent Playbook,Best practices for support automation assets,Guide for support workflows service quality and escalation governance,doc,playbook,support ops;playbook;docs,md,10,support_playbook.md;templates/,1.6MB,1.0.0,/changelog/AA-DOC-SUP-PLAYBOOK-CORE-042,2026-02-22,openai;anthropic;cursor,none,commercial,10,no_redistribution,69,99,9,all,AA-BND-SUP-VERTICAL-PRO-046,core,AA-AGT-SUP-TICKETAUTOPILOT-PRO-026,AA-PRM-SUP-TICKETTRIAGE-PACK-006,draft,2026-02-22T12:00:00Z,catalog-team,email,https://agentassets.io/docs/doc-support-playbook,https://agentassets.io/demo/doc-support-playbook,N,,support ops playbook,support automation guide;sla workflow playbook,MOFU,N,N,post,none,none,low,N
AA-BND-GEN-STARTER-STD-043,bundle-starter,Starter Bundle,Entry bundle for first-time builders,Bundle with foundational prompts utilities and docs,bundle,starter_bundle,generalist;starter bundle,mixed,0,manifest_only,0MB,1.0.0,/changelog/AA-BND-GEN-STARTER-STD-043,2026-02-22,openai;anthropic;cursor,none,commercial,5,no_redistribution,249,346,0,campaign,-,core,AA-BND-GEN-BUILDERKIT-PRO-044,AA-BND-MKT-VERTICAL-PRO-045,draft,2026-02-22T12:00:00Z,catalog-team,priority,https://agentassets.io/docs/bundle-starter,https://agentassets.io/demo/bundle-starter,N,,agent starter bundle,prompt and utility starter bundle,BOFU,N,N,product,mixed,none,low,N
AA-BND-GEN-BUILDERKIT-PRO-044,bundle-agent-builder-kit,Agent Builder Kit,Core build kit for agent engineers,Bundle with core skills schemas guardrails and orchestration assets,bundle,builder_bundle,generalist;builder kit,mixed,0,manifest_only,0MB,1.0.0,/changelog/AA-BND-GEN-BUILDERKIT-PRO-044,2026-02-22,openai;anthropic;cursor;langchain,none,commercial,10,no_redistribution,999,1414,0,campaign,-,core,AA-BND-GEN-PROSUITE-ELT-049,AA-BND-TRD-SYSTEMS-PRO-048,draft,2026-02-22T12:00:00Z,catalog-team,priority,https://agentassets.io/docs/bundle-agent-builder-kit,https://agentassets.io/demo/bundle-agent-builder-kit,N,,agent builder kit,skill and utility bundle;agent engineering pack,BOFU,N,N,product,mixed,none,med,N
AA-BND-MKT-VERTICAL-PRO-045,bundle-marketing-vertical,Marketing Vertical Pack,Marketing focused bundle for campaign systems,Bundle combining marketing prompts skills agents utilities and docs,bundle,vertical_bundle,marketing;vertical bundle,mixed,0,manifest_only,0MB,1.0.0,/changelog/AA-BND-MKT-VERTICAL-PRO-045,2026-02-22,openai;anthropic;cursor;langchain,cms_api,commercial,15,no_redistribution,1299,1842,0,campaign,-,core,AA-BND-GEN-PROSUITE-ELT-049,AA-BND-GEN-BUILDERKIT-PRO-044,draft,2026-02-22T12:00:00Z,catalog-team,priority,https://agentassets.io/docs/bundle-marketing-vertical,https://agentassets.io/demo/bundle-marketing-vertical,N,,marketing ai bundle,campaign automation bundle;marketing agent suite,BOFU,N,N,product,mixed,none,med,N
AA-BND-SUP-VERTICAL-PRO-046,bundle-support-vertical,Support Ops Vertical Pack,Support focused bundle for service workflows,Bundle combining support prompts skills agents utilities and docs,bundle,vertical_bundle,support ops;vertical bundle,mixed,0,manifest_only,0MB,1.0.0,/changelog/AA-BND-SUP-VERTICAL-PRO-046,2026-02-22,openai;anthropic;cursor;langchain,helpdesk_api,commercial,15,no_redistribution,1299,1842,0,campaign,-,core,AA-BND-GEN-PROSUITE-ELT-049,AA-BND-GEN-BUILDERKIT-PRO-044,draft,2026-02-22T12:00:00Z,catalog-team,priority,https://agentassets.io/docs/bundle-support-vertical,https://agentassets.io/demo/bundle-support-vertical,N,,support ops ai bundle,support automation bundle;helpdesk agent suite,BOFU,N,N,product,mixed,none,med,N
AA-BND-TRD-PREDICTION-STD-047,bundle-prediction-market-starter,Prediction Market Starter Pack,Starter bundle for prediction market workflows,Bundle with market thesis prompts data schemas and risk templates,bundle,trading_starter_bundle,trading;prediction market;bundle,mixed,0,manifest_only,0MB,1.0.0,/changelog/AA-BND-TRD-PREDICTION-STD-047,2026-02-22,openai;anthropic;langchain,market_data_api,commercial,10,no_redistribution,1499,2135,0,campaign,-,core,AA-BND-TRD-SYSTEMS-PRO-048,AA-BND-GEN-PROSUITE-ELT-049,draft,2026-02-22T12:00:00Z,catalog-team,priority,https://agentassets.io/docs/bundle-prediction-market-starter,https://agentassets.io/demo/bundle-prediction-market-starter,N,,prediction market bundle,prediction trading starter pack;event market bundle,BOFU,N,N,product,mixed,prediction,high,Y
AA-BND-TRD-SYSTEMS-PRO-048,bundle-trading-systems-kit,Trading Systems Kit,Pro bundle for signal to execution workflows,Bundle with trading skills agents risk controls and live connector assets,bundle,trading_pro_bundle,trading;systems bundle;live execution,mixed,0,manifest_only,0MB,1.0.0,/changelog/AA-BND-TRD-SYSTEMS-PRO-048,2026-02-22,openai;anthropic;langchain,market_data_api;exchange_api;prediction_market_api,commercial,20,no_redistribution,2499,3553,0,campaign,-,core,AA-BND-GEN-PROSUITE-ELT-049,AA-BND-GEN-ENTERPRISE-CST-050,draft,2026-02-22T12:00:00Z,catalog-team,priority,https://agentassets.io/docs/bundle-trading-systems-kit,https://agentassets.io/demo/bundle-trading-systems-kit,N,,trading systems bundle,live trading agent bundle;execution automation kit,BOFU,N,N,product,mixed,hybrid,high,Y
AA-BND-GEN-PROSUITE-ELT-049,bundle-pro-suite,Pro Suite,Comprehensive bundle across all core lines,Bundle combining generalist vertical and trading systems assets,bundle,pro_suite,generalist;pro suite;all in one,mixed,0,manifest_only,0MB,1.0.0,/changelog/AA-BND-GEN-PROSUITE-ELT-049,2026-02-22,openai;anthropic;cursor;langchain,cms_api;helpdesk_api;market_data_api;exchange_api,commercial,30,no_redistribution,2999,4899,0,campaign,-,core,AA-BND-GEN-ENTERPRISE-CST-050,AA-BND-TRD-SYSTEMS-PRO-048,draft,2026-02-22T12:00:00Z,catalog-team,priority,https://agentassets.io/docs/bundle-pro-suite,https://agentassets.io/demo/bundle-pro-suite,N,,ai pro suite bundle,agent asset pro suite;full stack agent bundle,BOFU,N,N,product,mixed,hybrid,high,Y
AA-BND-GEN-ENTERPRISE-CST-050,bundle-enterprise-kit,Enterprise Kit,Custom enterprise package with support and licensing,Configurable package with procurement support and integration services,bundle,enterprise_kit,enterprise;custom bundle;migration,mixed,0,manifest_only,0MB,1.0.0,/changelog/AA-BND-GEN-ENTERPRISE-CST-050,2026-02-22,openai;anthropic;cursor;langchain,custom_integration,seat_based,custom,custom_contract,5000,9000,0,none,-,core,-,AA-BND-GEN-PROSUITE-ELT-049,draft,2026-02-22T12:00:00Z,sales-team,priority,https://agentassets.io/docs/bundle-enterprise-kit,https://agentassets.io/demo/bundle-enterprise-kit,N,,enterprise ai bundle,custom agent licensing;enterprise agent package,BOFU,N,N,product,mixed,hybrid,high,Y
